Ticker,Number of Events,Positive Labels,Negative Labels,Neutral Labels,PT hits,SL hits,Vertical hits,Positive %,Negative %,Neutral %,Average Holding Days,Median Holding Days,Average Return,Median Return,Average Volatility,Average Barrier Width
A,2587,1161,1110,316,1161,1110,316,44.8782373405489,42.906841901816776,12.214920757634326,3.74758407421724,3.0,-0.0002540287229053108,0.003929342636956353,0.029716627555596,2.956210220212332
AAPL,2669,1287,1063,319,1287,1063,319,48.220307231172725,39.82765080554515,11.952041963282129,3.835518920944174,4.0,0.0018166904343153338,0.013436026027553678,0.028847300019654225,2.5206996708099516
ABBV,1311,612,503,196,612,503,196,46.681922196796336,38.36765827612509,14.950419527078566,3.7833714721586573,3.0,0.0016602363544931029,0.009854336985683327,0.0216224919263597,4.58151523941075
ABNB,547,244,238,65,244,238,65,44.60694698354662,43.51005484460695,11.882998171846435,3.8171846435100547,4.0,-0.00034730111943813977,0.004684213729142648,0.038060287791753404,10.490709024196546
ABT,2623,1198,1132,293,1198,1132,293,45.67289363324438,43.15669081204727,11.170415554708349,3.705299275638582,3.0,0.0003073463052514939,0.003599023723373413,0.01908902887064918,1.96525401756916
ACGL,2597,1239,1090,268,1239,1090,268,47.7088948787062,41.97150558336542,10.319599537928378,3.5529457065845205,3.0,0.0007818686686746862,0.007968207796150269,0.019043471769281162,1.0143663191655
ACN,2430,1098,1037,295,1098,1037,295,45.18518518518518,42.674897119341566,12.139917695473251,3.706172839506173,3.0,0.000342085827180487,0.004424788389202634,0.022983037757178266,5.207884903787677
ADBE,2613,1196,1088,329,1196,1088,329,45.77114427860697,41.637964026023724,12.590891695369308,3.774971297359357,3.0,0.0004730285488613065,0.00579210304387812,0.03106543434189877,8.56322597680867
ADI,2732,1209,1222,301,1209,1222,301,44.25329428989751,44.72913616398243,11.017569546120058,3.634333821376281,3.0,-0.0008739979784525521,0.0008580656440468017,0.030350247275166237,4.788761418034287
ADM,2603,1216,1091,296,1216,1091,296,46.715328467153284,41.9131771033423,11.371494429504418,3.6819054936611604,3.0,0.0011068976900196555,0.008168718571209304,0.023639816697328845,1.7599681512983198
ADP,2614,1166,1133,315,1166,1133,315,44.605967865340475,43.343534812547816,12.050497322111706,3.7039020657995407,3.0,0.0001553370101795374,0.002518139593721871,0.01862818566211175,3.5988686968878736
ADSK,2635,1214,1106,315,1214,1106,315,46.07210626185958,41.97343453510437,11.954459203036052,3.804554079696395,3.0,0.0008728749753162365,0.008210206086056972,0.03176159424731771,5.351710415131858
AEE,2698,1265,1176,257,1265,1176,257,46.88658265381764,43.587842846553,9.525574499629355,3.531875463306153,3.0,0.0004933297593266482,0.003944581062617171,0.016243261053596095,1.7437884374125598
AEP,2707,1245,1162,300,1245,1162,300,45.991872922053936,42.92574806058367,11.082379017362394,3.587366087920207,3.0,0.00037705365747040285,0.003826169987944472,0.01804909336558637,2.002797793263834
AES,2636,1165,1160,311,1165,1160,311,44.19575113808801,44.00606980273141,11.798179059180576,3.693474962063733,3.0,-0.0009742191518458738,0.00040820160461446707,0.034527735949349256,1.100652474724509
AFL,2515,1130,1020,365,1130,1020,365,44.93041749502982,40.55666003976143,14.512922465208748,3.847713717693837,4.0,0.0008365667580507488,0.0048781080758063386,0.023255987186382936,1.529441286419454
AIG,2589,1157,1107,325,1157,1107,325,44.68906913866358,42.75782155272306,12.553109308613363,3.76786404016995,3.0,-0.00026050150282450827,0.0017601690851908845,0.031038522609406313,23.169445231430146
AIZ,2198,1020,911,267,1020,911,267,46.40582347588717,41.44676979071883,12.147406733393995,3.8066424021838037,4.0,0.0007763453999135863,0.00767886909504018,0.02235843759911381,3.738779155752097
AJG,2603,1207,1073,323,1207,1073,323,46.36957356895889,41.22166730695351,12.408759124087592,3.6384940453323087,3.0,0.001134592532646409,0.006855030116167575,0.018918825510437682,2.9188820340508204
AKAM,2385,997,948,440,997,948,440,41.80293501048218,39.74842767295598,18.448637316561843,4.195387840670859,4.0,-0.0012461165016584496,0.004556785265526791,0.04556336761048695,4.038083557416212
ALB,2658,1224,1127,307,1224,1127,307,46.04966139954853,42.40030097817908,11.550037622272386,3.695259593679458,3.0,0.0008411311668508498,0.0059325068231923335,0.031633746034240226,5.2097957999166615
ALGN,2312,1004,925,383,1004,925,383,43.42560553633218,40.00865051903114,16.56574394463668,4.061418685121107,4.0,0.0007384604489272975,0.006416662661667391,0.045570841745607854,9.843223761290172
ALL,2585,1219,1049,317,1219,1049,317,47.156673114119926,40.580270793036746,12.263056092843328,3.75357833655706,3.0,0.001310078017916776,0.00854179668422327,0.02102366303148185,2.948302894892549
ALLE,1254,580,535,139,580,535,139,46.25199362041467,42.663476874003194,11.084529505582138,3.6523125996810206,3.0,0.000967153019064035,0.006759092848534723,0.0208176947667884,4.207903789995307
AMAT,2747,1320,1190,237,1320,1190,237,48.05242082271569,43.31998543866036,8.627593738623954,3.5289406625409536,3.0,0.0005857284609792316,0.011611857991348574,0.03336488029162063,4.077958799673259
AMCR,766,337,315,114,337,315,114,43.994778067885115,41.12271540469974,14.882506527415144,3.83289817232376,4.0,0.0004699142009087408,0.0044073055715896136,0.02260793526930097,2.2852396535929156
AMD,2654,1210,1107,337,1210,1107,337,45.591559909570464,41.71062547098719,12.697814619442353,3.8044461190655614,4.0,0.0007413576807568044,0.006803465555088603,0.04947604409166707,4.142263421444023
AME,2602,1179,1103,320,1179,1103,320,45.31129900076864,42.39046887009992,12.298232129131437,3.721368178324366,3.0,0.000717152579251221,0.0037699192313309857,0.021499776501064948,2.2298151368347576
AMGN,2635,1180,1136,319,1180,1136,319,44.78178368121442,43.111954459203034,12.106261859582542,3.7055028462998103,3.0,4.87415454089663e-05,0.002959014504713886,0.02341885701719587,5.931352015681049
AMP,2076,974,845,257,974,845,257,46.91714836223507,40.703275529865124,12.379576107899808,3.7514450867052025,3.0,0.0011693858802566226,0.009332153997717009,0.027530450211286972,7.628342983026391
AMT,2687,1250,1144,293,1250,1144,293,46.52028284331969,42.57536285820618,10.904354298474136,3.5909936732415333,3.0,8.59764762008807e-05,0.006733727936019935,0.029317260858876357,4.403234063515177
AMZN,2599,1179,1065,355,1179,1065,355,45.36360138514814,40.9772989611389,13.659099653712966,3.9188149288187764,4.0,-0.00032064183023130247,0.007081728493611229,0.03510561877131195,2.90884065744808
ANET,1160,532,460,168,532,460,168,45.86206896551724,39.6551724137931,14.482758620689657,3.943103448275862,4.0,0.0020972650622522074,0.011443803823783173,0.036504002059933496,2.996262415334173
AON,2485,1150,981,354,1150,981,354,46.27766599597585,39.47686116700201,14.245472837022133,3.7935613682092555,3.0,0.0011588076405505807,0.007458348148660779,0.021068805145697707,4.592074741009259
AOS,2642,1203,1119,320,1203,1119,320,45.533686601059806,42.35427706283119,12.112036336109009,3.77554882664648,3.0,0.0006230471883456606,0.005330311071717616,0.025650952149581525,1.3470789177677238
APA,2780,1260,1242,278,1260,1242,278,45.32374100719424,44.67625899280576,10.0,3.6446043165467628,3.0,8.382453455265294e-05,0.00429653339230067,0.03532368977417974,3.393001108426593
APD,2561,1146,1086,329,1146,1086,329,44.74814525575947,42.40531042561499,12.846544318625536,3.7977352596641936,3.0,0.0004243719628222923,0.004607930828323068,0.021922516325077322,5.49998012376796
APH,2616,1177,1113,326,1177,1113,326,44.99235474006117,42.54587155963303,12.46177370030581,3.8321865443425076,4.0,0.00044158110620710813,0.006748424955592806,0.026324063773036706,0.9935917761945834
APO,1563,725,673,165,725,673,165,46.38515674984005,43.05822136916187,10.556621880998081,3.458093410108765,3.0,0.000505404786327456,0.004246253050879978,0.028881523012460088,2.9365718282383217
APP,510,215,225,70,215,225,70,42.15686274509804,44.11764705882353,13.725490196078432,4.03921568627451,4.0,-0.002043167517615404,0.00392696442827042,0.06312166216408571,23.39012701540897
APTV,1463,687,591,185,687,591,185,46.958304853041696,40.39644565960355,12.645249487354752,3.774436090225564,4.0,0.0022055648626368137,0.011861992866930654,0.028370663391428293,4.452923647626591
ARE,2706,1223,1201,282,1223,1201,282,45.195861049519586,44.382852919438285,10.42128603104213,3.6171470805617147,3.0,9.544895357644695e-06,0.0023851769922817916,0.021986271744312513,3.8738941295686393
ARES,1208,560,525,123,560,525,123,46.35761589403973,43.46026490066225,10.182119205298013,3.5165562913907285,3.0,0.0006989733376648735,0.009480394754958954,0.02776687111233938,3.6159365649811055
ATO,2747,1290,1196,261,1290,1196,261,46.96032034947215,43.53840553330907,9.501274117218784,3.488532945030943,3.0,0.0005212910332611678,0.0045437398429936555,0.016777819224041465,1.9695557322703294
AVB,2713,1257,1185,271,1257,1185,271,46.332473276815335,43.67858459270181,9.98894213048286,3.5764835974935494,3.0,0.00029010309944647953,0.004698520781554114,0.020273046412926658,5.002125152297391
AVGO,1683,798,705,180,798,705,180,47.41532976827095,41.889483065953655,10.695187165775401,3.6785502079619725,3.0,0.0015607633244733635,0.011804285861459311,0.029649647615684387,4.103296420734992
AVY,2596,1152,1104,340,1152,1104,340,44.37596302003082,42.526964560862865,13.097072419106318,3.8035439137134053,4.0,0.00040386766678211707,0.003292323866591663,0.02271101816884889,3.755217414503545
AWK,1853,878,806,169,878,806,169,47.38262277388019,43.49703184025904,9.120345385860766,3.4549379384781433,3.0,0.0005678568323389664,0.006310337717346433,0.017597763329172816,3.0138588373554587
AXON,2299,1011,902,386,1011,902,386,43.97564158329709,39.23444976076555,16.789908655937364,3.970421922575033,4.0,0.001129002846969676,0.011038553606457323,0.047614744804386225,7.039714910695602
AXP,2646,1206,1108,332,1206,1108,332,45.57823129251701,41.8745275888133,12.54724111866969,3.757747543461829,3.0,0.0005404282633411222,0.007322279044425591,0.02555981117889801,4.266980305818115
AZO,2544,1203,1035,306,1203,1035,306,47.2877358490566,40.68396226415094,12.028301886792454,3.744103773584906,3.0,0.00130455937016958,0.009530012771236952,0.021433667893536817,35.57330082035578
BA,2671,1231,1133,307,1231,1133,307,46.08760763758892,42.41856982403594,11.493822538375142,3.696742792961438,3.0,0.0006236131092483782,0.005791890589549815,0.026990046911259866,7.0719062023847075
BAC,2599,1172,1066,361,1172,1066,361,45.094267025779146,41.01577529819161,13.88995767602924,3.7718353212774143,3.0,0.0003260432935717111,0.005123845531178813,0.02858732372888067,1.4195524043946541
BALL,2613,1191,1114,308,1191,1114,308,45.57979334098737,42.63298890164562,11.78721775736701,3.7259854573287408,3.0,0.0005929930273764727,0.005720634563858663,0.02188604879436638,1.3630362984390738
BAX,2511,1130,1057,324,1130,1057,324,45.001991238550374,42.09478295499801,12.903225806451612,3.7805655117483075,3.0,0.0008338354654263453,0.004667470810928219,0.021715180126789246,1.5927800015934803
BBY,2537,1117,1032,388,1117,1032,388,44.02837997635002,40.67796610169492,15.293653921955064,3.9854158454867954,4.0,0.0012807690041033756,0.005295696687889185,0.03514709571115442,3.2645639180087005
BDX,2591,1171,1108,312,1171,1108,312,45.194905441914315,42.763411810111926,12.041682747973756,3.741026630644539,3.0,0.00037530059075939487,0.003149585220485346,0.01876585061508673,3.698633813044232
BEN,2685,1188,1176,321,1188,1176,321,44.24581005586592,43.798882681564244,11.955307262569832,3.7482309124767226,3.0,-0.00028470588749561823,0.0008696276107788077,0.026685275761318218,1.4888557100804607
BF-B,2597,1156,1149,292,1156,1149,292,44.51289949942241,44.24335772044667,11.24374278013092,3.614940315748941,3.0,-0.0001654221332048041,0.0018480595352749621,0.019143294017104056,1.1957331736281782
BG,2449,1119,1033,297,1119,1033,297,45.69211923233973,42.18048182931809,12.12739893834218,3.8448346263781135,4.0,0.0008262594914907074,0.004018225120631703,0.025909282530521823,3.449209674575639
BIIB,2418,1035,1008,375,1035,1008,375,42.80397022332506,41.687344913151364,15.508684863523573,3.9631927212572373,4.0,-0.0007054288590767132,0.0020860444155014384,0.03372490208419679,9.700929200861117
BKNG,2524,1118,997,409,1118,997,409,44.294770206022186,39.50079239302694,16.204437400950873,4.003169572107765,4.0,-2.1718134500562503e-05,0.0058207426004118126,0.0399246573977092,2.6850810590825382
BKR,2704,1257,1183,264,1257,1183,264,46.48668639053255,43.75,9.763313609467456,3.6190828402366866,3.0,0.00026707280673331517,0.004544576551223905,0.03260854687282808,2.705368999497344
BLDR,2076,935,921,220,935,921,220,45.03853564547206,44.36416184971098,10.597302504816955,3.6498073217726397,3.0,0.0008834960448338295,0.005566886942004945,0.04650957667648595,2.704159230252152
BLK,2680,1239,1114,327,1239,1114,327,46.231343283582085,41.56716417910447,12.201492537313433,3.7611940298507465,3.0,0.0006132890317844283,0.006974660274429384,0.02505574924969867,15.85133201765558
BMY,2545,1107,1133,305,1107,1133,305,43.49705304518664,44.518664047151276,11.984282907662083,3.731630648330059,3.0,-0.00046893837269834003,-0.0005669064033463802,0.021821197503632667,1.9237735894593653
BNY,2623,1189,1124,310,1189,1124,310,45.329775066717495,42.85169653069005,11.81852840259245,3.693480747235989,3.0,-0.000342134411865271,0.002408543400500297,0.025084175371775562,2.0559737085698333
BR,1937,899,819,219,899,819,219,46.411977284460505,42.281879194630875,11.306143520908622,3.6623644811564273,3.0,0.0005202876809832919,0.006714555535247435,0.020079396148171114,3.394826051548897
BRK-B,2605,1180,1048,377,1180,1048,377,45.297504798464495,40.230326295585414,14.472168905950095,3.760460652591171,3.0,0.0002021426136092862,0.003196164309330965,0.016422239268296515,4.828234705257676
BRO,2598,1195,1102,301,1195,1102,301,45.996920708237106,42.41724403387221,11.585835257890684,3.7367205542725173,3.0,0.0006635820625052244,0.006113780522418488,0.019999375866814516,1.0531209625737084
BSX,2557,1160,1066,331,1160,1066,331,45.365662886194755,41.68947985921001,12.94485725459523,3.8142354321470475,4.0,0.0004696741179627442,0.0034985145853050847,0.027116803669476757,1.3323839540134863
BX,1966,893,852,221,893,852,221,45.42217700915565,43.33672431332655,11.241098677517803,3.5620549338758902,3.0,-0.0007659738547496222,0.0025219431051033948,0.033645602401899816,3.357796905563501
BXP,2709,1184,1197,328,1184,1197,328,43.70616463639719,44.18604651162791,12.107788851974899,3.6847545219638245,3.0,-0.00042711331122927875,0.001998002662673058,0.022816576579669116,3.7763818050357796
C,2635,1171,1160,304,1171,1160,304,44.44022770398482,44.022770398481974,11.537001897533207,3.6903225806451614,3.0,-0.000775802133856562,0.0020695371102078435,0.02975558321082722,9.302701419634424
CAH,2504,1129,1014,361,1129,1014,361,45.087859424920126,40.495207667731634,14.416932907348242,3.9241214057507987,4.0,0.0011882563167496167,0.008154529452812899,0.023264576954050757,2.990626007494249
CARR,617,292,247,78,292,247,78,47.3257698541329,40.032414910858996,12.641815235008103,3.8184764991896274,4.0,0.0020628944362250856,0.0123423906444257,0.030357773807161294,2.867490785995114
CASY,2491,1112,1083,296,1112,1083,296,44.6407065435568,43.47651545564031,11.88277800080289,3.6126053793657165,3.0,-0.0004160313062064939,0.0016005208485503708,0.025244992225190627,5.3600923487548435
CAT,2707,1267,1129,311,1267,1129,311,46.80458071666051,41.70668636867381,11.488732914665682,3.782046545991873,3.0,0.0011299432631921634,0.0076792802519028945,0.026175767395953668,6.6012600535515835
CB,2634,1227,1106,301,1227,1106,301,46.583143507972665,41.98936977980258,11.427486712224754,3.711085801063022,3.0,0.0008909430595724514,0.007411809306233117,0.021946087264377287,4.012417844658972
CBOE,1654,844,681,129,844,681,129,51.027811366384526,41.17291414752116,7.799274486094316,3.389963724304716,3.0,0.0015298109068257995,0.010492071756777677,0.019309027076513073,3.9861833927106938
CBRE,2217,994,943,280,994,943,280,44.835363103292735,42.53495714930086,12.629679747406405,3.7889039242219216,4.0,-0.00023549675768362303,0.004949824501806299,0.03314911173472411,2.5216381548681888
CCI,2660,1209,1163,288,1209,1163,288,45.45112781954887,43.721804511278194,10.827067669172932,3.6954887218045114,3.0,-0.0007008732175573491,0.003051633487583037,0.029583081828598406,3.168744153346723
CCL,2643,1167,1112,364,1167,1112,364,44.154370034052214,42.07340143776012,13.772228528187666,3.874763526295876,4.0,0.00038490644022488835,0.0036191836239073444,0.03317999627603678,1.99699456558952
CDNS,2578,1169,1098,311,1169,1098,311,45.34522885958107,42.5911559348332,12.063615205585727,3.7676493405740885,4.0,0.0003965621460348484,0.006014893512531162,0.030257923995243304,3.9227462070275965
CDW,1257,582,511,164,582,511,164,46.30071599045346,40.65234685759746,13.046937151949084,3.873508353221957,4.0,0.0015200792305113092,0.009451182143558116,0.02330059070373091,5.476888569042578
CEG,421,212,156,53,212,156,53,50.3562945368171,37.05463182897862,12.589073634204276,3.68646080760095,3.0,0.00568209140756674,0.020112764301658936,0.04001308648881659,15.222556280318026
CF,2146,988,949,209,988,949,209,46.039142590866724,44.22180801491146,9.739049394221807,3.595992544268406,3.0,0.0004180192962902515,0.005715248961208207,0.0345390878633026,2.8531374024016234
CFG,1194,558,511,125,558,511,125,46.733668341708544,42.79731993299832,10.469011725293132,3.533500837520938,3.0,0.00124631109243531,0.01007621688366748,0.027606437332600844,1.9480810148062755
CHD,2596,1254,1085,257,1254,1085,257,48.30508474576271,41.79506933744222,9.89984591679507,3.5747303543913715,3.0,0.0010971810838366612,0.007283632345454114,0.017979001972546267,1.3425665525588903
CHRW,2522,1127,1042,353,1127,1042,353,44.68675654242665,41.31641554321966,13.996827914353688,3.851704996034893,4.0,0.00037942579067408216,0.0031949678128398917,0.02488399786442981,3.0527129576604874
CHTR,1570,697,652,221,697,652,221,44.39490445859873,41.52866242038217,14.076433121019107,3.8095541401273887,3.0,0.000370384579866995,0.0044158682823303656,0.02494179772194139,14.170172526853628
CI,2545,1194,994,357,1194,994,357,46.915520628683694,39.056974459724955,14.027504911591357,3.861689587426326,4.0,0.001493317433951888,0.01013683470268785,0.026621531153561914,5.555562618278685
CIEN,2550,1116,1063,371,1116,1063,371,43.76470588235294,41.68627450980392,14.549019607843135,3.9925490196078433,4.0,-0.0008493320517520005,0.005058179210380523,0.04883150560707501,10.400382276655991
CINF,2679,1209,1158,312,1209,1158,312,45.12877939529675,43.225083986562154,11.646136618141098,3.627472937663307,3.0,0.000565667276350743,0.004748631711988311,0.01994681718601512,2.511246669845846
CL,2587,1131,1150,306,1131,1150,306,43.71859296482412,44.453034402783146,11.828372632392734,3.660610746037882,3.0,-0.00017767250194502166,0.0003814697428455593,0.016260664308405996,1.6681302751252416
CLX,2594,1163,1158,273,1163,1158,273,44.83423284502698,44.64148033924441,10.524286815728605,3.6391673091750194,3.0,-9.793194126326794e-05,0.0019536760484458065,0.018214714478601072,3.437668935300618
CMCSA,2669,1230,1151,288,1230,1151,288,46.08467590857999,43.124765829898834,10.790558261521168,3.6305732484076434,3.0,9.031538746536646e-05,0.004294890026688277,0.02414785400709711,0.952650247333453
CME,2380,1087,1020,273,1087,1020,273,45.67226890756302,42.857142857142854,11.470588235294118,3.719747899159664,3.0,6.347363544601964e-05,0.004625866093759366,0.02365065383546105,4.97051794587265
CMG,1886,857,737,292,857,737,292,45.44008483563097,39.07741251325557,15.482502651113467,4.1166489925768825,4.0,0.0017691180620515053,0.007456067650398516,0.031229032295906747,0.934788719522627
CMI,2678,1238,1145,295,1238,1145,295,46.2285287528006,42.75578790141897,11.015683345780433,3.7281553398058254,4.0,0.0006623069460932827,0.004748894217188635,0.028859009717131786,6.328980658088392
CMS,2678,1235,1189,254,1235,1189,254,46.116504854368934,44.39880507841673,9.48469006721434,3.4398805078416728,3.0,0.00012113764347238439,0.003125207492483027,0.01988467775980472,1.1990419579898417
CNC,2270,988,906,376,988,906,376,43.52422907488987,39.91189427312775,16.56387665198238,3.9916299559471367,4.0,0.001191603400140653,0.006175925547541189,0.03352535955733038,1.817747774199207
CNP,2627,1203,1138,286,1203,1138,286,45.79368100494861,43.319375713741906,10.88694328130948,3.5584316711077273,3.0,0.0007822347648059921,0.0048425931652484955,0.02191113020613962,0.8784023027663608
COF,2667,1205,1151,311,1205,1151,311,45.18185226846644,43.15710536182977,11.661042369703788,3.697787776527934,3.0,0.00041595047783853995,0.005100415874686565,0.03266798368378405,4.659014741000084
COHR,2539,1107,1074,358,1107,1074,358,43.5998424576605,42.30011815675463,14.100039385584875,3.825128003150847,4.0,-0.00042307907499757806,0.004759076305824873,0.04201083712501369,3.256083497515358
COIN,562,242,263,57,242,263,57,43.06049822064057,46.79715302491103,10.142348754448399,3.580071174377224,3.0,-0.004738822064191736,-0.022574233383214848,0.06827523910024848,22.89488176128467
COO,2541,1163,1063,315,1163,1063,315,45.769382133018496,41.83392365210547,12.396694214876034,3.8299881936245574,4.0,0.001100415200801105,0.0054121220678679674,0.024877891607599175,1.7366880533580005
COP,2782,1318,1193,271,1318,1193,271,47.375988497483824,42.88281811646298,9.7411933860532,3.6013659237958304,3.0,0.0007241144228252106,0.007609854956247709,0.02542358469635122,2.8390291990969954
COR,2583,1227,1060,296,1227,1060,296,47.50290360046458,41.03755323267519,11.459543166860241,3.722028648857917,3.0,0.0010556452554522475,0.008792008197260972,0.022443997829646185,3.1105281885169402
COST,2653,1259,1086,308,1259,1086,308,47.45571051639653,40.934790802864676,11.609498680738787,3.6943083301922353,3.0,0.0010146257818389847,0.008640934736788855,0.020472773132287025,8.158819656602198
CPAY,1483,680,605,198,680,605,198,45.85300067430884,40.79568442346595,13.35131490222522,3.832771409305462,4.0,0.001165064372245792,0.00913674814433883,0.025215262753122688,9.883617756266158
CPRT,2527,1134,1043,350,1134,1043,350,44.87534626038781,41.27423822714682,13.850415512465375,3.7882865057380295,4.0,0.0008170416391798803,0.005966746096999855,0.02551840095546704,0.556829698522208
CPT,2702,1271,1182,249,1271,1182,249,47.039230199851964,43.74537379718727,9.21539600296077,3.5229459659511475,3.0,0.0002905928681465959,0.005258899996488433,0.02037039035120776,2.7769530760132923
CRH,2679,1190,1156,333,1190,1156,333,44.41955953714072,43.15042926465099,12.430011198208286,3.620380739081747,3.0,-0.00023566602023237599,0.0034129855935049283,0.02857270005408476,1.9127240406121533
CRL,2514,1105,1050,359,1105,1050,359,43.95385839299921,41.766109785202865,14.28003182179793,3.907319013524264,4.0,0.00011809609124186155,0.0035728362601876447,0.028428991999432357,5.769201946731641
CRM,2152,948,898,306,948,898,306,44.05204460966542,41.72862453531599,14.219330855018589,3.882434944237918,4.0,6.522032463425516e-05,0.004332004284529191,0.0325494739357034,5.855164397600151
CRWD,715,339,299,77,339,299,77,47.41258741258741,41.81818181818181,10.76923076923077,3.725874125874126,3.0,0.001403144740740361,0.012889101159681629,0.04663519116181051,5.185670652471934
CSCO,2506,1093,1055,358,1093,1055,358,43.61532322426177,42.09896249002394,14.285714285714285,3.905826017557861,4.0,-0.0005243006426950746,0.003620462982438265,0.027104053872725322,1.7364104566751466
CSGP,2573,1150,1094,329,1150,1094,329,44.69490866692577,42.51846094053634,12.786630392537893,3.775359502526234,4.0,-0.00025934419638761293,0.0018584817481240618,0.031705979516167944,1.4725706281226705
CSX,2690,1260,1126,304,1260,1126,304,46.84014869888476,41.858736059479554,11.301115241635689,3.713382899628253,3.0,0.000511264988234078,0.006417689132470927,0.025079304725549104,0.5848145076084506
CTAS,2579,1159,1107,313,1159,1107,313,44.9398991857309,42.923613803799924,12.136487010469175,3.683210546723536,3.0,0.00033513507696940255,0.0038191698271531063,0.022201121730509987,1.770958955334113
CTSH,2549,1136,1053,360,1136,1053,360,44.56649666535896,41.310317771675166,14.12318556296587,3.8732836406433897,4.0,0.000630685629981301,0.004436963595727467,0.030809689517075325,1.850626517728252
CTVA,697,313,294,90,313,294,90,44.90674318507891,42.18077474892396,12.91248206599713,3.8020086083213775,3.0,0.0014581981304346958,0.007470196817546766,0.02613773858934386,2.493036961041627
CVNA,888,401,367,120,401,367,120,45.15765765765766,41.328828828828826,13.513513513513514,3.7286036036036037,3.0,0.0012061133553921846,0.010557276783697472,0.07596353790339262,3.189836281333319
CVS,2583,1196,1105,282,1196,1105,282,46.30274874177313,42.77971351142083,10.91753774680604,3.7421602787456445,4.0,0.00032345961588414366,0.005285768665894323,0.023284638651020508,2.273542009073017
CVX,2737,1243,1206,288,1243,1206,288,45.41468761417611,44.06284252831568,10.52246985750822,3.567044208987943,3.0,0.00019405036947434364,0.0031368153634398397,0.020558324612874226,3.874182505063381
D,2685,1214,1198,273,1214,1198,273,45.21415270018622,44.61824953445065,10.167597765363128,3.548603351955307,3.0,0.0002048086583978997,0.0015259955679520786,0.01705354226513032,1.7626876834528256
DAL,1944,911,842,191,911,842,191,46.86213991769547,43.31275720164609,9.825102880658436,3.6059670781893005,3.0,0.0009166217986925688,0.007969866678368439,0.03828171049729353,2.159316101215684
DASH,537,240,238,59,240,238,59,44.6927374301676,44.320297951582866,10.986964618249534,3.7057728119180635,3.0,-0.0010442626199845017,0.003514987252964856,0.0457493637606455,11.874404917890379
DD,2629,1135,1171,323,1135,1171,323,43.17230886268543,44.54165081780145,12.286040319513122,3.7371624191707875,3.0,-0.0005585418909487392,-0.0028667763178828343,0.026969249852621016,3.8378121606389306
DDOG,655,293,287,75,293,287,75,44.732824427480914,43.81679389312977,11.450381679389313,3.7282442748091604,3.0,-0.0002709885047290156,0.0054672813623610275,0.04829761931681216,10.276545568167498
DE,2718,1250,1161,307,1250,1161,307,45.989698307579104,42.71523178807947,11.295069904341428,3.6747608535688006,3.0,0.0006417702744450649,0.006653301684678797,0.02579297723765823,7.008048911326343
DECK,2577,1200,1057,320,1200,1057,320,46.56577415599534,41.01668606907257,12.417539774932091,3.755917733798991,3.0,0.0013552285189275383,0.012091183715879817,0.03958366202394634,1.7926414846106875
DELL,924,453,358,113,453,358,113,49.02597402597403,38.74458874458874,12.229437229437229,3.735930735930736,3.0,0.003136924391564406,0.014081154583380346,0.03193882955169648,4.990083709790875
DG,1531,709,594,228,709,594,228,46.309601567602876,38.79817112998041,14.892227302416721,3.907250163291966,4.0,0.001741646095417364,0.00897781250773679,0.02316949371269773,4.971124577029403
DGX,2498,1141,1047,310,1141,1047,310,45.67654123298639,41.91353082465973,12.409927942353884,3.7610088070456364,3.0,0.000706123875639099,0.002860046059748659,0.022264747467744227,3.1701540189915294
DHI,2706,1273,1170,263,1273,1170,263,47.043606799704364,43.23725055432372,9.719142645971916,3.5639320029563932,3.0,0.0006917062684389235,0.0073023530951231135,0.03484874668098286,2.603146058415866
DHR,2615,1194,1109,312,1194,1109,312,45.65965583173996,42.409177820267686,11.931166347992352,3.758699808795411,4.0,0.000551416488173712,0.00429884508470396,0.02064250060834319,3.4682737341200363
DIS,2595,1153,1109,333,1153,1109,333,44.43159922928709,42.73603082851638,12.83236994219653,3.7252408477842005,3.0,0.00018184431492074686,0.002673662030074459,0.023346042898817417,3.0061278731356555
DLR,2219,1046,942,231,1046,942,231,47.138350608382154,42.451554754393875,10.410094637223976,3.566922036953583,3.0,0.0007866912083024319,0.007203903918952435,0.023836811519749625,3.9647075503878115
DLTR,2453,1041,1027,385,1041,1027,385,42.4378312270689,41.867101508357116,15.695067264573993,4.010599266204648,4.0,-0.0002613232409712251,0.0005215608617662888,0.029977720507112206,2.988423964705548
DOC,2650,1164,1169,317,1164,1169,317,43.924528301886795,44.113207547169814,11.962264150943398,3.688301886792453,3.0,-0.00030550866335745286,0.002284027294365277,0.02298784713136795,1.216362625543357
DOV,2721,1232,1195,294,1232,1195,294,45.27747151782433,43.91767732451305,10.804851157662625,3.6185226019845644,3.0,0.00036584516899096906,0.0030267180469705506,0.022815277395006286,2.944815903438045
DOW,747,315,352,80,315,352,80,42.168674698795186,47.121820615796516,10.7095046854083,3.6171352074966534,3.0,-0.0011220502419900676,-0.007785708025684885,0.02922323276948718,2.645240802944074
DPZ,2056,946,818,292,946,818,292,46.01167315175097,39.78599221789883,14.202334630350194,3.877918287937743,4.0,0.00114423013213101,0.007771244021022909,0.0272418185193956,8.569563143946773
DRI,2489,1065,1041,383,1065,1041,383,42.788268380875856,41.82402571313781,15.38770590598634,3.999598232221776,4.0,-6.168445925610502e-05,0.0023993052351377704,0.02690220315891088,3.442595992298564
DTE,2717,1304,1186,227,1304,1186,227,47.99411115200589,43.65108575634891,8.354803091645197,3.4538093485461907,3.0,0.0006604200628751826,0.006039426835907427,0.01639304009943859,2.1436635858959834
DUK,2699,1260,1184,255,1260,1184,255,46.683957021118935,43.86809929603557,9.447943682845498,3.4794368284549835,3.0,0.00010161208164583312,0.0043960756730675255,0.017369542585715332,2.3659752429904817
DVA,2425,1083,956,386,1083,956,386,44.65979381443299,39.422680412371136,15.917525773195877,3.9736082474226806,4.0,0.0011166097481545476,0.005289182138464894,0.026256983333471623,2.754763821044873
DVN,2796,1281,1250,265,1281,1250,265,45.81545064377682,44.70672389127325,9.477825464949929,3.625178826895565,3.0,-0.00014429804248303413,0.0032159356361974064,0.03357545468825653,2.962000952216208
DXCM,1945,859,791,295,859,791,295,44.16452442159383,40.66838046272493,15.167095115681233,3.9408740359897174,4.0,0.001077213025269642,0.007768946649646798,0.04259723271274986,2.7073542914524067
EA,2539,1105,1117,317,1105,1117,317,43.521071287908626,43.99369830641985,12.485230405671524,3.7223316266246553,3.0,-0.0007617282173769677,0.0009670464931374147,0.030164874202492132,3.390795273031874
EBAY,2566,1180,1035,351,1180,1035,351,45.985970381917376,40.33515198752923,13.67887763055339,3.838659392049883,4.0,0.0009087031689180941,0.006411180882800247,0.031461238446028106,1.4973191203116678
ECHO,1738,715,818,205,715,818,205,41.139240506329116,47.06559263521289,11.795166858457998,3.654200230149597,3.0,-0.002055952969846853,-0.011761618973352119,0.03258187487533579,2.034935620154189
ECL,2655,1206,1140,309,1206,1140,309,45.42372881355932,42.93785310734463,11.638418079096045,3.6854990583804144,3.0,0.00043605871729910663,0.0037874784728964502,0.018798256892018698,3.7469355392986405
ED,2728,1251,1246,231,1251,1246,231,45.85777126099707,45.67448680351906,8.46774193548387,3.437683284457478,3.0,-0.00011784544195375535,0.0008063718701518545,0.015139787500025793,1.8962703734851034
EFX,2528,1124,1063,341,1124,1063,341,44.462025316455694,42.049050632911396,13.48892405063291,3.9054588607594938,4.0,0.000691197714705364,0.005032406042518441,0.023377772300036813,4.667804113891726
EG,2548,1163,1057,328,1163,1057,328,45.6436420722135,41.48351648351649,12.872841444270017,3.791208791208791,4.0,0.0005646187797518364,0.005296846843736824,0.021319397963027967,6.696245595606641
EIX,2594,1192,1131,271,1192,1131,271,45.95219737856592,43.60061680801851,10.447185813415574,3.5138781804163455,3.0,-0.0001318867415532605,0.0036459006526081495,0.02188523739609791,1.9354022448124935
EL,2505,1106,1047,352,1106,1047,352,44.15169660678643,41.796407185628745,14.05189620758483,3.9221556886227544,4.0,0.0002465302189732414,0.002334312794797148,0.025713502471994425,4.4531108939243405
ELV,2426,1131,985,310,1131,985,310,46.6199505358615,40.60181368507832,12.778235779060182,3.7444352844187963,3.0,0.0012570015445539427,0.006994205589068988,0.024493362034101265,8.3348564632745
EME,2624,1212,1074,338,1212,1074,338,46.1890243902439,40.92987804878049,12.88109756097561,3.745045731707317,3.0,0.0013483996429313686,0.008720200785898712,0.027908321547961818,5.0698619002042085
EMR,2644,1197,1140,307,1197,1140,307,45.27231467473525,43.11649016641452,11.611195158850226,3.6860816944024206,3.0,0.00019308656037436418,0.0027894514861825166,0.022529832083482304,2.5677565474746613
EOG,2786,1318,1233,235,1318,1233,235,47.307968413496056,44.25699928212491,8.435032304379037,3.557788944723618,3.0,0.0002582751870591855,0.007962674590392056,0.030764615406671712,3.6638655780782123
EQIX,2542,1115,1078,349,1115,1078,349,43.8630999213218,42.40755310778914,13.729346970889065,3.788749016522423,4.0,-0.001071418906113459,0.00321771854982393,0.039493536708547404,16.590817659374704
EQR,2739,1258,1214,267,1258,1214,267,45.92917123037605,44.322745527564805,9.748083242059145,3.4947060971157358,3.0,0.00018445581712196797,0.0027446244188213615,0.020715844045047675,2.0504023170693837
EQT,2747,1259,1208,280,1259,1208,280,45.831816527120495,43.97524572260648,10.192937750273025,3.5689843465598834,3.0,-0.00039693347595203606,0.0021402430656252995,0.029711765870273375,1.5800741055395544
ERIE,2553,1097,1172,284,1097,1172,284,42.969056012534274,45.90677634155895,11.124167645906777,3.399529964747356,3.0,-0.0004371251265507317,-0.001982161203991211,0.018900726038971506,4.993199332868527
ES,2673,1252,1132,289,1252,1132,289,46.838757949869056,42.34942012719791,10.811821922933033,3.636737747848859,3.0,0.0005486524078236316,0.005162301198367177,0.017511856683447194,1.576050497154129
ESS,2734,1293,1168,273,1293,1168,273,47.29334308705194,42.72128749085589,9.985369422092173,3.548646671543526,3.0,0.0007767563332990262,0.006756104397111766,0.019960028986048296,6.449457666776359
ETN,2648,1215,1130,303,1215,1130,303,45.883685800604226,42.6737160120846,11.442598187311178,3.716012084592145,3.0,0.0008614797001588472,0.005965379086482578,0.02397666955441677,4.185848181563052
ETR,2713,1287,1181,245,1287,1181,245,47.4382602285293,43.53114633247328,9.03059343899742,3.6137117582012532,3.0,0.0006553513090180468,0.006142805190847231,0.01839875820082735,1.5221299897077074
EVRG,2666,1251,1143,272,1251,1143,272,46.924231057764445,42.87321830457614,10.202550637659416,3.511627906976744,3.0,0.0005496097417079814,0.0059101937354221375,0.017740161687802417,1.2730584384157808
EW,2371,1054,921,396,1054,921,396,44.453816954871364,38.84436946436103,16.701813580767606,4.083509067903838,4.0,0.0015385405533650078,0.006516664653844485,0.025651743088221855,1.7402883099448143
EXC,2722,1270,1206,246,1270,1206,246,46.656869948567234,44.305657604702425,9.037472446730344,3.509184423218222,3.0,0.0004288044890461142,0.004562928242650087,0.019505919278575215,1.2325089248914114
EXE,546,255,249,42,255,249,42,46.7032967032967,45.604395604395606,7.6923076923076925,3.4249084249084247,3.0,6.33691646651067e-05,0.005724474384862764,0.02855974600339532,4.862179848504877
EXPD,2601,1188,1121,292,1188,1121,292,45.674740484429066,43.098808150711264,11.22645136485967,3.734717416378316,3.0,0.00011961999785804115,0.004349879571249687,0.02500147038169378,2.563495111888024
EXPE,1910,837,800,273,837,800,273,43.82198952879581,41.8848167539267,14.293193717277486,3.850785340314136,4.0,0.000319759301905842,0.004789380944158116,0.0339135471430768,6.144926655776391
EXR,2243,1043,978,222,1043,978,222,46.50022291573785,43.60231832367365,9.897458760588497,3.5229603209986626,3.0,8.452257879605565e-05,0.004966853449365867,0.023477537303069538,3.158672886744432
F,2643,1156,1158,329,1156,1158,329,43.7381763147938,43.81384790011351,12.447975785092698,3.687854710556186,3.0,-0.0001923585898550029,0.0007827221638655192,0.0317259781719332,0.7253948017758515
FANG,1420,678,626,116,678,626,116,47.74647887323943,44.08450704225352,8.169014084507042,3.484507042253521,3.0,0.0008075950515136033,0.009435660014668844,0.03580780961382651,6.803338760010969
FAST,2614,1149,1147,318,1149,1147,318,43.955623565416985,43.87911247130834,12.165263963274676,3.822111706197399,4.0,-0.00011868172799302715,0.000554019408016212,0.025859917519005206,0.5767394958898701
FCX,2713,1252,1170,291,1252,1170,291,46.148175451529674,43.12569111684482,10.726133431625506,3.694434205676373,3.0,0.0010448778039031602,0.008436660504881604,0.04091822070887975,2.0705598696127665
FDS,2580,1168,1070,342,1168,1070,342,45.27131782945737,41.47286821705426,13.25581395348837,3.8321705426356587,4.0,0.0004770597799183723,0.005092184752005292,0.026151481432971684,7.02756789657019
FDX,2585,1161,1082,342,1161,1082,342,44.91295938104449,41.8568665377176,13.23017408123791,3.920309477756286,4.0,0.000595906100458464,0.0032985332842402682,0.024984351837913442,5.395112563290089
FDXF,11,5,4,2,5,4,2,45.45454545454545,36.36363636363637,18.181818181818183,2.0,1.0,0.0022970248853305046,0.0,0.05705407319696476,18.724887143189093
FE,2641,1197,1143,301,1197,1143,301,45.32374100719424,43.27906096175691,11.397198031048845,3.649375236652783,3.0,0.00043420356643964126,0.003881612105029838,0.019088524704004326,1.5412223906172342
FFIV,2554,1148,1066,340,1148,1066,340,44.949099451840254,41.73844949099452,13.31245105716523,3.9706342991386063,4.0,0.0001020692003887397,0.008210116218876112,0.040705599907594286,5.686148150686027
FICO,2482,1109,990,383,1109,990,383,44.68170829975826,39.88718775181305,15.431103948428687,3.956486704270749,4.0,0.0012074497711550773,0.0074043583039812766,0.028905961911357674,17.37191736374248
FIS,2360,1047,959,354,1047,959,354,44.36440677966102,40.63559322033898,15.0,3.9148305084745765,4.0,0.0005007810002992446,0.004673963231212214,0.022683844715539327,2.5976711213765906
FISV,2534,1192,1024,318,1192,1024,318,47.04025256511444,40.4104183109708,12.54932912391476,3.7202052091554854,3.0,0.0010318239961861952,0.009062702820780186,0.022992358584033073,2.0353619563754313
FITB,2610,1188,1105,317,1188,1105,317,45.51724137931035,42.337164750957854,12.145593869731801,3.695019157088123,3.0,0.0004975367434053666,0.005337084771282669,0.02998833515914055,1.5938374076647626
FIX,2520,1146,1051,323,1146,1051,323,45.476190476190474,41.70634920634921,12.817460317460316,3.7563492063492063,3.0,0.0010299746089244923,0.009118595793556773,0.03548336813861949,7.243789349568342
FLEX,2627,1196,1122,309,1196,1122,309,45.52721735820327,42.71031594975257,11.762466692044157,3.674914350970689,3.0,0.0007506797054098583,0.004246279852406687,0.03829336444251569,1.1582590857208885
FOX,732,330,322,80,330,322,80,45.08196721311475,43.98907103825137,10.92896174863388,3.637978142076503,3.0,0.00015268849414816415,0.003979876359718379,0.025134906899956237,1.8066858001054331
FOXA,721,327,318,76,327,318,76,45.35367545076283,44.10540915395285,10.540915395284326,3.6310679611650487,3.0,0.0002031303932345259,0.004062335416719668,0.025935438316382686,1.9886574967067092
FRT,2711,1245,1182,284,1245,1182,284,45.92401327923275,43.600147547030616,10.47583917373663,3.5470306160088527,3.0,0.000357266267291615,0.004596395371223192,0.020559004422404725,3.4193960993403034
FSLR,1879,849,779,251,849,779,251,45.183608302288455,41.458222458754655,13.35816923895689,3.8217136774880256,3.0,0.0006666948723540176,0.005235609152347886,0.04614868575568711,9.598383524021273
FTNT,1574,736,620,218,736,620,218,46.75984752223634,39.39008894536214,13.850063532401524,3.898348157560356,4.0,0.002459944380978229,0.015426262936230065,0.03219348236834623,1.8841148613853163
FTV,982,432,421,129,432,421,129,43.9918533604888,42.871690427698574,13.136456211812627,3.783095723014257,3.0,0.00021837527929134126,0.0008835491764801072,0.02066091297705026,2.0090420835205722
GD,2612,1212,1106,294,1212,1106,294,46.40122511485452,42.34303215926493,11.25574272588055,3.7228177641653906,3.0,0.00047887273249684376,0.0052587688804991845,0.01993088515057782,4.591420252653169
GDDY,1076,480,454,142,480,454,142,44.60966542750929,42.193308550185876,13.197026022304833,3.806691449814126,3.5,0.000585312252500802,0.005834028372064352,0.0271812583533775,4.193702705536026
GE,2640,1180,1140,320,1180,1140,320,44.696969696969695,43.18181818181818,12.121212121212121,3.6636363636363636,3.0,0.0003007388112622645,0.0015956636952449738,0.024831872390166917,5.932283124900606
GEHC,332,145,126,61,145,126,61,43.674698795180724,37.95180722891566,18.373493975903614,4.093373493975903,4.0,0.0015437833437898475,0.004335711613091398,0.026348802551566377,4.003073223653436
GEN,2427,1070,986,371,1070,986,371,44.08735063864854,40.626287597857434,15.286361763494025,3.955088586732592,4.0,0.0012247384692002663,0.006578912621014691,0.03097747490692213,1.0918811052777833
GEV,227,118,83,26,118,83,26,51.98237885462555,36.56387665198238,11.45374449339207,3.4185022026431717,3.0,0.006677309111441631,0.03387454139533143,0.04338398654317601,43.97091727915831
GILD,2625,1223,1108,294,1223,1108,294,46.59047619047619,42.20952380952381,11.200000000000001,3.7146666666666666,3.0,0.0009677879985149252,0.005980542564899014,0.028477958901091727,2.1631673978965167
GIS,2563,1191,1081,291,1191,1081,291,46.468981662114714,42.17713616855248,11.353882169332813,3.6800624268435427,3.0,0.0005682434591470748,0.003992757303466971,0.01588640410134558,1.3683806164768904
GL,2575,1192,1092,291,1192,1092,291,46.29126213592233,42.407766990291265,11.300970873786408,3.6116504854368934,3.0,0.000888570329295254,0.00469426184985942,0.02065025773855769,2.0927125068152725
GLW,2578,1143,1105,330,1143,1105,330,44.336695112490304,42.86268425135764,12.800620636152054,3.861132660977502,4.0,-0.00041382135702688476,0.0013355930705972602,0.03560715698166922,2.1678872632299098
GM,1579,724,672,183,724,672,183,45.85180493983534,42.558581380620645,11.589613679544016,3.7346421785940467,3.0,0.0009584157839842984,0.0057084019949981265,0.02766534521657156,2.1136113719757073
GNRC,1551,677,624,250,677,624,250,43.649258542875565,40.232108317214696,16.118633139909736,3.9600257898130238,4.0,0.0005960876611807414,0.003383434801491452,0.035201757984266,8.254766977997065
GOOG,2241,1071,895,275,1071,895,275,47.791164658634536,39.937527889335115,12.271307452030342,3.8893351182507807,4.0,0.0015640725504946634,0.011551082736180019,0.023701247174995086,3.0856550759268915
GOOGL,2244,1079,894,271,1079,894,271,48.08377896613191,39.839572192513366,12.076648841354725,3.8529411764705883,4.0,0.0016526503888874753,0.011569356505623761,0.023749858598268114,3.1097653775159477
GPC,2616,1141,1150,325,1141,1150,325,43.616207951070336,43.96024464831804,12.42354740061162,3.731269113149847,3.0,8.188817308777854e-05,0.0002248214817742597,0.019389637478643047,2.9150299191136484
GPN,2448,1096,1018,334,1096,1018,334,44.771241830065364,41.58496732026144,13.643790849673202,3.9309640522875817,4.0,0.0005083010827521728,0.004227702763023481,0.026112442000154248,3.2506097994432004
GRMN,2348,994,941,413,994,941,413,42.33390119250426,40.076660988074956,17.589437819420784,4.1516183986371376,4.0,0.00017507161479215935,0.0041157854088634165,0.029846818783672475,3.5496542598462293
GS,2714,1265,1162,287,1265,1162,287,46.61016949152542,42.81503316138541,10.574797347089167,3.6562269712601325,3.0,0.00029155084944004853,0.005253506394136256,0.026353820968667535,10.81715060191159
GWW,2590,1150,1143,297,1150,1143,297,44.4015444015444,44.131274131274125,11.467181467181467,3.771814671814672,4.0,0.00012825090686088535,0.0022210351030736023,0.022306852051362267,11.321549054700842
HAL,2741,1233,1239,269,1233,1239,269,44.983582634075155,45.202480846406424,9.813936519518423,3.658518788763225,3.0,-0.00035197322511782835,-0.00028903731924323625,0.035179659022391715,1.9521929477202906
HAS,2492,1065,1061,366,1065,1061,366,42.736757624398074,42.57624398073837,14.686998394863563,3.82223113964687,3.0,-7.602949469370259e-05,0.0003328259857427515,0.025454484814813882,2.4919890186943134
HBAN,2620,1151,1183,286,1151,1183,286,43.93129770992367,45.152671755725194,10.916030534351146,3.5713740458015266,3.0,-0.0002310186141643995,0.0,0.02987662063731477,0.6769153374040987
HCA,1489,688,614,187,688,614,187,46.20550705171256,41.235728676964406,12.558764271323037,3.766286098052384,3.0,0.0010848765424428277,0.007547282410257741,0.026032666594617226,7.693178733472248
HD,2645,1248,1093,304,1248,1093,304,47.18336483931947,41.32325141776938,11.493383742911153,3.6775047258979208,3.0,0.0009597237647676278,0.007701187601049557,0.0227175227370179,5.531027882451802
HIG,2641,1222,1098,321,1222,1098,321,46.270352139341156,41.57516092389246,12.154486936766377,3.6826959485043544,3.0,0.0002907116338629523,0.006321566894454653,0.02891357075946016,2.6425895945076867
HII,1460,682,580,198,682,580,198,46.71232876712329,39.726027397260275,13.561643835616438,3.83972602739726,4.0,0.0013017017654102122,0.008763292338271675,0.0229429393433721,8.101771977175664
HLT,1298,619,563,116,619,563,116,47.68875192604006,43.37442218798151,8.936825885978427,3.4822804314329736,3.0,0.0009060587399757214,0.008296371285588258,0.021956096961792813,5.116814928026959
HON,2646,1193,1139,314,1193,1139,314,45.08692365835223,43.046107331821624,11.866969009826153,3.6825396825396823,3.0,4.430999799783349e-05,0.0035218772662215458,0.022206522170129354,3.728441957038729
HONA,4,1,2,1,1,2,1,25.0,50.0,25.0,5.0,4.5,-0.04125403449180833,-0.06317000167994398,0.12765607677506766,59.954762416238005
HOOD,465,214,196,55,214,196,55,46.02150537634409,42.1505376344086,11.827956989247312,3.8301075268817204,3.0,-0.001502024263707763,0.015362548226847152,0.06015815800598084,4.895070336240456
HPE,1033,462,434,137,462,434,137,44.72410454985479,42.0135527589545,13.262342691190707,3.717328170377541,3.0,0.0008687888406483374,0.007416531499716489,0.029020026236400057,0.932307182275652
HPQ,2568,1088,1094,386,1088,1094,386,42.36760124610592,42.601246105919,15.031152647975077,3.8878504672897196,4.0,-0.0006406529467207783,0.0005821745538534266,0.029415879363834354,1.0676258389305577
HRL,2516,1144,1056,316,1144,1056,316,45.46899841017488,41.971383147853736,12.559618441971383,3.7341017488076313,3.0,0.0004849193900764163,0.00412482955827187,0.018097562810952022,0.7952530841392789
HSIC,2595,1174,1105,316,1174,1105,316,45.24084778420038,42.58188824662813,12.177263969171484,3.704431599229287,3.0,0.0005961295642029432,0.0037358723279593774,0.02260341886635034,1.680464259739352
HST,2675,1183,1231,261,1183,1231,261,44.22429906542056,46.018691588785046,9.757009345794392,3.5861682242990653,3.0,-0.0007644033008248752,-0.0017715202003402964,0.028070691059109986,0.8076005783405457
HSY,2571,1165,1074,332,1165,1074,332,45.31310774017892,41.77362893815636,12.913263321664722,3.852975495915986,4.0,0.00040403825829400496,0.0038596275952929625,0.017607469344322314,3.2839362292795657
HUBB,2667,1230,1177,260,1230,1177,260,46.11923509561305,44.13198350206224,9.74878140232471,3.6366704161979753,3.0,0.0005396580640408115,0.0037531390506317327,0.022875486246418466,5.630927595374055
HUM,2494,1153,983,358,1153,983,358,46.23095429029671,39.41459502806736,14.354450681635928,3.926222935044106,4.0,0.001441218813549482,0.009382935195097232,0.0307680760032734,8.45874642090053
HWM,922,415,368,139,415,368,139,45.01084598698482,39.91323210412148,15.075921908893708,3.959869848156182,4.0,0.00214429480168939,0.010561006010944982,0.031040654129432223,3.287870440671602
IBKR,1924,885,837,202,885,837,202,45.997920997921,43.50311850311851,10.4989604989605,3.50987525987526,3.0,0.00034475039612019974,0.0047634101781235325,0.02673440522743226,0.8715485765956188
IBM,2563,1120,1071,372,1120,1071,372,43.69879047990636,41.78696839641046,14.514241123683183,3.925477955520874,4.0,0.0002191065293854021,0.002390902385241157,0.02051189264753983,5.463378929392171
ICE,2051,949,872,230,949,872,230,46.27011214041931,42.51584592881521,11.214041930765479,3.6489517308629935,3.0,0.00015312395712381566,0.005193084546892294,0.025909419562086155,2.6702222371211075
IDXX,2573,1214,1063,296,1214,1063,296,47.18227749708511,41.3136416634279,11.50408083948698,3.7096774193548385,3.0,0.0009292619628400165,0.008979453261978049,0.025473640031342063,8.384504478741064
IEX,2634,1195,1141,298,1195,1141,298,45.36826119969628,43.31814730447988,11.313591495823843,3.741078208048595,4.0,0.00026493738568758037,0.004048794281813776,0.021849864007393735,3.3917872303776595
IFF,2493,1077,1068,348,1077,1068,348,43.20096269554753,42.83995186522262,13.959085439229844,3.892498997192138,4.0,1.7642447694432692e-05,0.0020865079325339342,0.021601724707546417,3.2315077411461672
INCY,2591,1142,1138,311,1142,1138,311,44.07564646854497,43.921265920494015,12.00308761096102,3.7460439984561944,3.0,-0.0009301698730536807,-0.0005894624016273214,0.04581750518619428,3.458485545384034
INTC,2673,1212,1157,304,1212,1157,304,45.34231200897867,43.28469884025439,11.372989150766928,3.7759072203516646,4.0,-2.1174943764356074e-05,0.004853077857136378,0.029660661389820025,1.9898942282405856
INTU,2605,1235,1083,287,1235,1083,287,47.408829174664106,41.57389635316699,11.017274472168905,3.7447216890595008,3.0,0.0006319899711458658,0.009043481513673094,0.02807063328563298,9.203445901019647
INVH,980,462,428,90,462,428,90,47.14285714285714,43.673469387755105,9.183673469387756,3.489795918367347,3.0,0.0005076729694760626,0.004910828797316933,0.019081487320655392,1.1367898561090595
IP,2677,1223,1167,287,1223,1167,287,45.685468808367574,43.59357489727307,10.720956294359357,3.6227119910347403,3.0,0.0002873151874385902,0.004348794936642803,0.026904582446866127,1.837058851067167
IQV,1274,574,542,158,574,542,158,45.05494505494506,42.54317111459969,12.401883830455258,3.6789638932496076,3.0,0.00025468565582138455,0.002384017607010135,0.02345500322668698,7.114630820261873
IR,912,440,367,105,440,367,105,48.24561403508772,40.24122807017544,11.513157894736842,3.7291666666666665,3.0,0.0024536252419525882,0.015797771115158676,0.027981016481472408,2.793547147468105
IRM,2547,1112,1073,362,1112,1073,362,43.659206910090305,42.127993718099724,14.212799371809973,3.984687868080094,4.0,0.0003818438761836077,0.003501860561364787,0.02440097992867072,1.6986359001469107
ISRG,2414,1060,979,375,1060,979,375,43.910521955260975,40.555095277547636,15.534382767191385,3.910936205468103,4.0,-0.00038280713512371455,0.004545434889956434,0.03500618780480287,6.509098915136135
IT,2546,1116,1087,343,1116,1087,343,43.833464257659074,42.69442262372349,13.47211311861744,3.776904948939513,3.0,-0.0009715662352827663,0.001333389284260958,0.028474475898475234,5.2167657657241335
ITW,2664,1211,1185,268,1211,1185,268,45.45795795795796,44.48198198198198,10.06006006006006,3.6936936936936937,3.0,3.125474728573062e-05,0.002222427715136318,0.020028099389114495,3.8432896162256704
IVZ,2706,1198,1186,322,1198,1186,322,44.2719881744272,43.82852919438285,11.899482631189947,3.6847745750184773,3.0,0.00010332251624978917,0.003117414407815927,0.03315546683440206,1.4189543079970162
J,2598,1151,1106,341,1151,1106,341,44.30331023864511,42.57120862201694,13.125481139337952,3.834103156274057,4.0,0.00034320997256541533,0.004549229738573635,0.026840695300714583,2.6748418750313627
JBHT,2643,1256,1135,252,1256,1135,252,47.52175558077942,42.94362466893681,9.534619750283769,3.5527809307604996,3.0,0.0010574190312171532,0.009649617334861298,0.02705107655869333,3.538455258248892
JBL,2545,1164,1030,351,1164,1030,351,45.73673870333988,40.47151277013752,13.791748526522593,3.981925343811395,4.0,0.0006771923997230892,0.00821798707643821,0.03759737950117361,3.075516106305577
JCI,2540,1143,1062,335,1143,1062,335,45.0,41.811023622047244,13.188976377952756,3.8775590551181103,4.0,0.000273750422240505,0.004510633077542153,0.026960081155694014,2.7138934585178416
JKHY,2643,1229,1134,280,1229,1134,280,46.500189178963296,42.90578887627696,10.594021944759744,3.5448354143019296,3.0,0.0005635220142406473,0.0059347202925552405,0.02242757546578257,2.982388924741317
JNJ,2603,1192,1145,266,1192,1145,266,45.79331540530158,43.98770649250864,10.218978102189782,3.625816365731848,3.0,0.00021550512981737663,0.0017300190817932726,0.014683442664731918,2.889021372083545
JPM,2634,1199,1132,303,1199,1132,303,45.52012148823083,42.97646165527714,11.503416856492027,3.652619589977221,3.0,3.838251383632586e-06,0.004123181253734849,0.025662645579678643,3.742706512539956
KDP,1652,737,688,227,737,688,227,44.61259079903147,41.64648910411623,13.7409200968523,3.8692493946731235,4.0,0.0004930336806423445,0.003971908616394536,0.020221419152174656,1.6154432872555733
KEY,2601,1177,1113,311,1177,1113,311,45.25182622068436,42.79123414071511,11.956939638600538,3.6089965397923875,3.0,-0.00023154586878658187,0.0028465282835846454,0.030256067256919286,0.9533134483727207
KEYS,1161,554,458,149,554,458,149,47.71748492678725,39.44875107665805,12.833763996554696,3.8613264427217917,4.0,0.0019785537018614484,0.011265070004778305,0.024180155841181765,5.730101170274293
KHC,1063,446,475,142,446,475,142,41.95672624647225,44.68485418626529,13.358419567262464,3.8203198494825963,4.0,-0.0005815441732762668,-0.0027503784056407644,0.020414723739172556,1.7788824446718114
KIM,2767,1280,1229,258,1280,1229,258,46.25948680881821,44.41633538127937,9.324177809902421,3.5666787134080233,3.0,-0.00012373481050640897,0.0036204643650591967,0.02435129876251534,1.0145571523394936
KKR,1611,751,692,168,751,692,168,46.617008069522036,42.954686530105526,10.42830540037244,3.538795779019243,3.0,0.0006148868744295394,0.0066103916144535715,0.028558323659759202,2.5069262628800133
KLAC,2702,1247,1147,308,1247,1147,308,46.15099925980755,42.450037009622505,11.398963730569948,3.764618800888231,4.0,1.078385581958863e-05,0.0077812263385328775,0.034679963275194556,1.4384699085590253
KMB,2566,1159,1120,287,1159,1120,287,45.167575993764615,43.6477007014809,11.184723304754481,3.6063912704598597,3.0,0.00018143776049349357,0.0021132115735391825,0.015784951730753678,2.849293907156531
KMI,1556,680,714,162,680,714,162,43.70179948586118,45.88688946015424,10.411311053984576,3.5623393316195373,3.0,-0.0006597015579620098,-0.003438657329666665,0.02162570431583798,1.007697456481593
KO,2648,1209,1138,301,1209,1138,301,45.657099697885194,42.97583081570997,11.367069486404834,3.679380664652568,3.0,0.0002838292937421378,0.00245668526822261,0.015677749359992436,1.1802575281977312
KR,2533,1145,1058,330,1145,1058,330,45.20331622581919,41.76865377023293,13.028030003947888,3.778918278720884,4.0,0.0002737017050279429,0.002743508473751315,0.022742890993342212,1.1078508945433423
KVUE,300,124,129,47,124,129,47,41.333333333333336,43.0,15.666666666666668,3.9633333333333334,4.0,-0.0001931872521410267,-0.0020294238727656825,0.021895025564037864,0.8914463149743206
L,2676,1257,1100,319,1257,1100,319,46.97309417040359,41.106128550074736,11.920777279521674,3.606875934230194,3.0,0.0010652337972979213,0.00792202887867616,0.019545572863758312,1.5198076666812637
LDOS,1791,770,721,300,770,721,300,42.992741485203794,40.25683975432719,16.750418760469014,4.045784477945282,4.0,0.0006204604595374081,0.0043845108078022395,0.022548584317629745,3.263462496860373
LEN,2747,1280,1189,278,1280,1189,278,46.596286858390975,43.28358208955223,10.12013105205679,3.6337823079723335,3.0,-9.102843730998782e-05,0.007229686526330517,0.034975451258340735,2.9890837879713725
LH,2520,1170,1042,308,1170,1042,308,46.42857142857143,41.34920634920635,12.222222222222221,3.7547619047619047,3.0,0.0011746076029679115,0.006803456682155354,0.02209105998779922,4.37446345145861
LHX,2554,1157,1056,341,1157,1056,341,45.30148786217698,41.3469068128426,13.351605324980422,3.9506656225528585,4.0,0.0005780795839779966,0.004992999650924453,0.024647622980812314,4.217867358426821
LII,2638,1243,1100,295,1243,1100,295,47.11902956785444,41.69825625473844,11.182714177407128,3.6561789234268387,3.0,0.0010909886672993618,0.00838108974482525,0.02675086671435865,7.300765393879026
LIN,2638,1197,1144,297,1197,1144,297,45.37528430629265,43.36618650492798,11.258529188779379,3.6402577710386654,3.0,0.00012177654846670695,0.003713582004062555,0.020039200501574442,5.40075504144716
LITE,1053,481,443,129,481,443,129,45.67901234567901,42.07027540360874,12.250712250712251,3.7625830959164293,3.0,0.0016583025300138526,0.010080136878104872,0.04470479004749859,11.875930282120821
LLY,2597,1174,1082,341,1174,1082,341,45.20600693107431,41.66345783596457,13.13053523296111,3.7154408933384673,3.0,0.0009455046799604317,0.004922074719323022,0.021759725003040874,8.83917885990456
LMT,2618,1239,1096,283,1239,1096,283,47.32620320855615,41.86401833460657,10.80977845683728,3.6359816653934303,3.0,0.0007984582968784755,0.006883265294659725,0.019136764678118007,7.35732023482792
LNT,2711,1253,1206,252,1253,1206,252,46.219107340464774,44.485429730726665,9.295462928808558,3.50497971228329,3.0,4.15890674500824e-05,0.0027030514351384614,0.016995353563210292,1.0368752752146477
LOW,2625,1198,1107,320,1198,1107,320,45.63809523809524,42.17142857142857,12.19047619047619,3.7653333333333334,3.0,0.0008122875188824561,0.006816334302219078,0.025584427997763344,3.7929729170001076
LRCX,2731,1308,1129,294,1308,1129,294,47.89454412303186,41.34016843647016,10.765287440497987,3.7045038447455143,3.0,0.0010647708162915492,0.015057070497106605,0.03867717650448812,1.9540937708804766
LULU,1752,759,723,270,759,723,270,43.321917808219176,41.26712328767123,15.41095890410959,4.1215753424657535,4.0,-0.0003719596282529527,0.002367925478871354,0.03938742215884725,9.848361485295198
LUV,2659,1203,1207,249,1203,1207,249,45.24257239563746,45.39300488905604,9.364422715306505,3.5622414441519368,3.0,-0.0003069809009636741,-0.001259268197049151,0.02830584692910089,1.4852003029771812
LVS,2181,979,958,244,979,958,244,44.88766620816139,43.92480513525906,11.187528656579552,3.7423200366804217,3.0,-0.0004458681524694661,0.0011681397676873298,0.03921516329115404,3.4812137965423235
LYB,1658,788,727,143,788,727,143,47.52714113389626,43.84800965018094,8.624849215922799,3.493365500603136,3.0,0.0007399692114070321,0.008372908917871996,0.027796033698445004,3.981066845632816
LYV,2061,919,888,254,919,888,254,44.590004852013585,43.085880640465795,12.32411450752062,3.6860747210092186,3.0,-0.00029305947227976394,0.0034848292282054576,0.03396053025172057,2.7860719982762117
MA,1969,975,756,238,975,756,238,49.51752158456069,38.39512442864398,12.087353986795328,3.7465718638902996,3.0,0.002301276614514957,0.011134700047257265,0.024091770534628458,7.58116379756454
MAA,2677,1253,1148,276,1253,1148,276,46.80612626073963,42.88382517743743,10.310048561822937,3.5864774000747106,3.0,0.0004968073083144332,0.0055710450494554295,0.019706944526365067,3.1349445703450365
MAR,2678,1242,1100,336,1242,1100,336,46.377893950709485,41.07542942494399,12.546676624346528,3.7628827483196416,3.0,0.0005203733326377482,0.005410624976769024,0.025741285809585193,4.056162484098074
MAS,2611,1184,1128,299,1184,1128,299,45.346610494063576,43.20183837610111,11.451551129835313,3.728456530065109,3.0,0.00025409763737320207,0.002885942216368183,0.0289411273287121,1.6147973719853033
MCD,2677,1263,1145,269,1263,1145,269,47.17967874486365,42.77175943220023,10.048561822936122,3.650354874859918,3.0,0.0006114150672338442,0.005981543446152885,0.01717933585712403,3.7478382040143314
MCHP,2663,1214,1177,272,1214,1177,272,45.587683064213294,44.19827262485918,10.214044310927525,3.6635373638753284,3.0,-0.0002279524994943897,0.003052560806663471,0.032697105984936733,2.048807939394239
MCK,2571,1186,1061,324,1186,1061,324,46.12991054064566,41.267989109295996,12.602100350058343,3.782574873590043,4.0,0.0010171241822064764,0.006869754207525658,0.023341690472182954,7.0008491189295325
MCO,2597,1248,1007,342,1248,1007,342,48.05544859453215,38.775510204081634,13.169041201386214,3.777820562187139,4.0,0.0018906860960077006,0.011399328831301646,0.024666174204314474,5.969715009913359
MDLZ,2446,1075,1085,286,1075,1085,286,43.949304987735076,44.35813573180703,11.692559280457889,3.6561733442354867,3.0,0.00010132341387385877,0.0007599337361080485,0.01698049037818248,1.437721258937926
MDT,2626,1177,1138,311,1177,1138,311,44.82102056359482,43.33587204874333,11.843107387661842,3.701827875095202,3.0,0.00013352173812964426,0.002411324341078866,0.01982690451307114,2.5255021200669407
MET,2600,1187,1102,311,1187,1102,311,45.65384615384615,42.38461538461539,11.961538461538462,3.6588461538461536,3.0,0.0007978102155352193,0.005466300775982117,0.026744412476181863,2.1805790667280687
META,1344,596,537,211,596,537,211,44.345238095238095,39.955357142857146,15.699404761904761,4.036458333333333,4.0,0.0008483653538903428,0.008684886618313813,0.031034576187551993,14.33159207651199
MGM,2652,1217,1129,306,1217,1129,306,45.88989441930618,42.57164404223228,11.538461538461538,3.7828054298642533,3.0,0.0006437506602947594,0.005270516445990498,0.03824630275069853,1.8867822748237468
MKC,2614,1161,1141,312,1161,1141,312,44.41469013006886,43.6495791889824,11.935730680948737,3.7253251721499616,3.0,8.738812346509219e-05,0.0029166766832587707,0.017586320746988186,1.4605305123643917
MLM,2679,1236,1157,286,1236,1157,286,46.13661814109742,43.187756625606575,10.675625233296007,3.5961179544606194,3.0,0.00024763674476658556,0.0037989541335356584,0.02662594867306933,9.175361437344996
MMM,2565,1155,1078,332,1155,1078,332,45.02923976608187,42.02729044834308,12.943469785575049,3.833918128654971,4.0,0.00023203522734697768,0.0027772266520371324,0.01955275180864326,3.669125763870244
MNST,2472,1142,994,336,1142,994,336,46.19741100323624,40.21035598705502,13.592233009708737,3.809870550161812,3.0,0.0014513514547518664,0.008292039273374279,0.03143252255149091,0.862700776508304
MO,2515,1149,991,375,1149,991,375,45.685884691848905,39.40357852882704,14.910536779324055,3.8727634194831015,4.0,0.001224229654582698,0.006584839075315799,0.019675325869434764,1.795531766840169
MOS,2643,1161,1204,278,1161,1204,278,43.927355278093074,45.5542943624669,10.51835035944003,3.648127128263337,3.0,-0.0005027773542686374,-0.0017714525937918236,0.03646418007088001,2.6361938135474863
MPC,1545,760,636,149,760,636,149,49.19093851132686,41.16504854368932,9.64401294498382,3.598705501618123,3.0,0.0021359317246606667,0.016976392029496398,0.030954897372377586,4.4433314837268085
MPWR,2187,1005,956,226,1005,956,226,45.953360768175585,43.712848651120254,10.33379058070416,3.6154549611339735,3.0,6.275959318454868e-05,0.005272508353608447,0.036586349230495016,16.22598104516878
MRK,2567,1159,1105,303,1159,1105,303,45.14998052201013,43.04635761589404,11.803661862095833,3.749902610050643,3.0,0.00021770176988771136,0.0035878832527208404,0.02075464947490521,2.456185083203243
MRNA,776,355,347,74,355,347,74,45.74742268041237,44.71649484536083,9.536082474226804,3.6018041237113403,3.0,-0.000834292336072427,0.0009336495687535325,0.05897109139234164,12.112356055765964
MRSH,2618,1202,1100,316,1202,1100,316,45.91291061879297,42.016806722689076,12.070282658517954,3.6986249045072572,3.0,0.0002727987658690734,0.004633799290624705,0.019218464781610604,2.7195652043053955
MRVL,2645,1198,1185,262,1198,1185,262,45.2930056710775,44.801512287334596,9.905482041587902,3.620037807183365,3.0,-0.0003750188395338808,0.002713767955377851,0.04230238238338634,2.428220948390522
MS,2686,1226,1134,326,1226,1134,326,45.64408041697692,42.21891288160834,12.137006701414743,3.6612062546537603,3.0,0.0001725716105895631,0.006978677642975365,0.03162272643808518,3.2949488891782743
MSCI,1810,860,728,222,860,728,222,47.51381215469613,40.22099447513812,12.265193370165745,3.778453038674033,4.0,0.0012254318163779916,0.009957732344953514,0.026404840769333405,10.998292120201041
MSFT,2638,1219,1118,301,1219,1118,301,46.20924943138742,42.380591357088704,11.410159211523881,3.691811978771797,3.0,0.0004828308019595196,0.005046432471417828,0.02244459444727913,4.890804835125935
MSI,2607,1150,1104,353,1150,1104,353,44.112006137322595,42.34752589182969,13.540467970847716,3.8530878404296125,4.0,-0.000501198872117587,0.002170382505162834,0.027607080846030856,5.718025511810365
MTB,2598,1160,1121,317,1160,1121,317,44.64973056197075,43.14857582755966,12.201693610469592,3.6989992301770593,3.0,-5.464889890485925e-05,0.0023624768647329446,0.023425962016817535,5.1418536917225355
MTD,2664,1253,1131,280,1253,1131,280,47.03453453453454,42.45495495495496,10.51051051051051,3.6156156156156154,3.0,0.0006938075832778245,0.0070978392756561644,0.023201794400373926,21.626098101800235
MU,2751,1318,1181,252,1318,1181,252,47.909850963286075,42.92984369320247,9.16030534351145,3.578698655034533,3.0,0.001399171436958065,0.01801559203761384,0.04451433675627119,4.834668141446289
NCLH,1328,590,561,177,590,561,177,44.42771084337349,42.243975903614455,13.328313253012048,3.7612951807228914,3.0,0.0008437496744645738,0.0031122854570681657,0.04007341358509597,2.219156320236017
NDAQ,2376,1102,981,293,1102,981,293,46.380471380471384,41.28787878787879,12.33164983164983,3.7512626262626263,4.0,0.0004263910954677029,0.008772525058479945,0.02727453481797251,1.175836307763704
NDSN,2584,1153,1123,308,1153,1123,308,44.62074303405573,43.459752321981426,11.91950464396285,3.6323529411764706,3.0,9.477562058523721e-05,0.003053120414270801,0.026864973973096378,4.1437966801598
NEE,2652,1235,1135,282,1235,1135,282,46.568627450980394,42.79788838612368,10.633484162895927,3.5855957767722475,3.0,0.0006669247345825275,0.00499725904920472,0.018285630072607945,1.2587287117005816
NEM,2706,1249,1171,286,1249,1171,286,46.15668883961567,43.27420546932742,10.569105691056912,3.630081300813008,3.0,0.0006584523561666842,0.006842615604070937,0.0310033881851482,2.6088332459965704
NFLX,2209,986,808,415,986,808,415,44.63558171118153,36.577636939791766,18.78678134902671,4.206428248076053,4.0,0.0032121012409266686,0.012684122532509255,0.04340358925397404,1.3745531233782697
NI,2704,1271,1170,263,1271,1170,263,47.00443786982248,43.269230769230774,9.726331360946745,3.5584319526627217,3.0,0.0005813071167128604,0.004836122356151135,0.018469771263159577,0.5936247570710512
NKE,2535,1138,1079,318,1138,1079,318,44.891518737672584,42.56410256410256,12.544378698224854,3.844575936883629,4.0,3.1445151587736675e-05,0.003431194908766174,0.02407593827799602,2.181010744111666
NOC,2610,1222,1097,291,1222,1097,291,46.81992337164751,42.030651340996165,11.149425287356323,3.7195402298850575,3.0,0.0006106084889786034,0.006024835032887496,0.019779735362224375,7.389565780624566
NOW,1397,655,571,171,655,571,171,46.88618468146027,40.873299928418035,12.24051539012169,3.760200429491768,3.0,0.0012979798863074455,0.012602637597701041,0.03300910583255115,4.466303861568722
NRG,2277,1069,935,273,1069,935,273,46.94773825208608,41.06280193236715,11.989459815546773,3.697408871321915,3.0,0.0008379154897189962,0.00931367514382256,0.02936335293784033,2.303952372975196
NSC,2620,1200,1115,305,1200,1115,305,45.80152671755725,42.55725190839695,11.641221374045802,3.7702290076335876,4.0,0.0005020799690820091,0.005471452915261366,0.025249557143042556,4.851478123469067
NTAP,2605,1147,1128,330,1147,1128,330,44.03071017274472,43.30134357005758,12.667946257197697,3.9147792706333973,4.0,-0.0009285727338752873,0.0013321715560422331,0.03906406154783645,3.416244554635311
NTRS,2599,1139,1120,340,1139,1120,340,43.82454790303963,43.093497499038094,13.081954597922277,3.8260869565217392,4.0,-0.00040768076457390847,0.0009520628139930235,0.02495232584569707,3.5185279284502022
NUE,2736,1247,1249,240,1247,1249,240,45.57748538011696,45.650584795321635,8.771929824561402,3.565058479532164,3.0,-0.00013249550959069372,0.0012014541329485931,0.030245065408828955,3.621553853455624
NVDA,2689,1266,1141,282,1266,1141,282,47.08069914466345,42.43213090368167,10.48716995165489,3.761249535143176,3.0,0.0006488594306747402,0.012326837670603588,0.043971510461601186,1.3404436321818423
NVR,2683,1291,1155,237,1291,1155,237,48.11777860603802,43.0488259411107,8.833395452851287,3.496459187476705,3.0,0.0007738532418077542,0.00884515625496398,0.026998711730620975,104.18288398643044
NWS,1262,566,552,144,566,552,144,44.849445324881145,43.74009508716323,11.410459587955627,3.667987321711569,3.0,0.0004156892881099184,0.0032456792404952717,0.022453409392692927,0.8187624733556365
NWSA,1259,552,562,145,552,562,145,43.84432088959492,44.63860206513105,11.517077045274027,3.6735504368546463,3.0,8.89563134241782e-05,0.0,0.022450984554254046,0.7943201360063716
NXPI,1533,716,610,207,716,610,207,46.705805609915195,39.79125896934116,13.50293542074364,3.767123287671233,4.0,0.0017626368030519636,0.0062454622810651055,0.03372202893938276,7.511340235899045
O,2644,1203,1139,302,1203,1139,302,45.49924357034796,43.0786686838124,11.422087745839637,3.6543116490166416,3.0,0.00036327055919516956,0.004275675557727147,0.01955806947057845,1.5143637152997163
ODFL,2649,1256,1091,302,1256,1091,302,47.41411853529634,41.18535296338241,11.400528501321253,3.654209135522839,3.0,0.001667560429644397,0.011780473025495447,0.03128720398837478,2.6873299627817047
OKE,2667,1221,1117,329,1221,1117,329,45.78177727784027,41.882264716910385,12.335958005249344,3.750281214848144,3.0,0.000591506390193718,0.006003490291673509,0.02525505723941637,1.8632117002961506
OMC,2647,1137,1217,293,1137,1217,293,42.95428787306385,45.97657725727238,11.06913486966377,3.662259161314696,3.0,-0.0010193503007467795,-0.0029614574913630724,0.02233377743961829,2.4648479936657774
ON,2626,1215,1135,276,1215,1135,276,46.26808834729626,43.22162985529322,10.51028179741051,3.6249047981721247,3.0,1.0404129048342539e-05,0.006637194210188876,0.046201439798210904,1.808448881929537
ORCL,2535,1169,1027,339,1169,1027,339,46.11439842209073,40.51282051282051,13.372781065088757,3.8071005917159764,3.0,0.0004143867791946309,0.005669747693778499,0.028621264181884987,3.010838081679638
ORLY,2568,1192,1057,319,1192,1057,319,46.41744548286604,41.16043613707165,12.422118380062305,3.7644080996884735,3.0,0.0009289009694106969,0.005999656371656113,0.02412957057068219,0.8002502091053642
OTIS,609,267,269,73,267,269,73,43.84236453201971,44.17077175697865,11.986863711001643,3.766830870279146,3.0,-0.00020670975651209878,0.0011730271519594198,0.020604280796650633,3.2163493182949487
OXY,2764,1281,1226,257,1281,1226,257,46.34587554269175,44.35600578871201,9.298118668596238,3.5575253256150505,3.0,0.000641250621201496,0.0036427073018313483,0.02866858218179765,2.839163574114748
PANW,1304,608,518,178,608,518,178,46.62576687116564,39.7239263803681,13.650306748466257,3.8680981595092025,4.0,0.002193480870628408,0.011196000708180158,0.032386816619007865,4.643802016084936
PAYX,2655,1187,1196,272,1187,1196,272,44.70809792843691,45.047080979284374,10.24482109227872,3.5517890772128062,3.0,-0.0004194925445107857,0.0007136619645295302,0.021246861006523576,2.3855100768305277
PCAR,2660,1195,1201,264,1195,1201,264,44.92481203007519,45.150375939849624,9.924812030075188,3.6387218045112784,3.0,-0.00039156481631051366,0.0009480133924540826,0.025660600845784306,1.882176504686608
PCG,2536,1140,1111,285,1140,1111,285,44.952681388012614,43.80914826498422,11.238170347003154,3.6529968454258674,3.0,0.00036699752490111057,0.0024881745166557326,0.026433540026919417,1.3333306256897797
PEG,2725,1283,1189,253,1283,1189,253,47.08256880733945,43.63302752293578,9.284403669724771,3.606605504587156,3.0,0.00048061885060291334,0.003898672528306965,0.01874750610940747,1.5251819792468524
PEP,2644,1222,1151,271,1222,1151,271,46.2178517397882,43.53252647503782,10.249621785173979,3.5211800302571863,3.0,0.0003923017949765503,0.001819943327702407,0.014899611463655347,2.694354281120135
PFE,2612,1129,1182,301,1129,1182,301,43.22358346094946,45.25267993874426,11.523736600306279,3.624425727411945,3.0,-0.0005523011749522104,-0.0012934786014399896,0.020186767662257854,1.2166077568935518
PFG,2464,1137,1040,287,1137,1040,287,46.14448051948052,42.2077922077922,11.647727272727272,3.6444805194805197,3.0,0.000503413220676027,0.007309356341098975,0.02741598983453783,2.373764214125192
PG,2626,1191,1130,305,1191,1130,305,45.354150799695354,43.031226199543035,11.614623000761615,3.65993907083016,3.0,0.000516183188955405,0.0028711475996789854,0.01517307723627798,2.523714717003623
PGR,2614,1203,1108,303,1203,1108,303,46.021423106350426,42.38714613618975,11.591430757459833,3.6882172915072684,3.0,0.0003845656036303186,0.004830844380227824,0.021017581141044937,2.22530731768158
PH,2618,1180,1108,330,1180,1108,330,45.07257448433919,42.32238349885409,12.605042016806722,3.7887700534759357,3.5,0.0007306593524738302,0.004919987303471355,0.025572257205203314,7.784220954363074
PHM,2720,1249,1188,283,1249,1188,283,45.91911764705882,43.6764705882353,10.404411764705882,3.6628676470588237,3.0,0.0004597485840222031,0.006355457366443856,0.03544959663341926,2.008646912292378
PKG,2618,1208,1149,261,1208,1149,261,46.142093200916726,43.888464476699774,9.969442322383498,3.589381207028266,3.0,0.0002554815995455578,0.00358794835384709,0.024177147038013897,3.1130030875884014
PLD,2709,1266,1138,305,1266,1138,305,46.733111849390916,42.008121077888525,11.25876707272056,3.5873015873015874,3.0,0.0008709229135888921,0.008004581989634052,0.023123476466279044,2.60746922693081
PLTR,552,228,238,86,228,238,86,41.30434782608695,43.11594202898551,15.579710144927535,3.9692028985507246,4.0,-0.0025996672137782394,-5.885006618218761e-05,0.05845161128535346,5.6121500414823675
PM,1829,869,768,192,869,768,192,47.512301804264624,41.9901585565883,10.497539639147075,3.6981957353745214,3.0,0.0009356614679701035,0.007740989277473073,0.01857576561699105,3.2684812353261212
PNC,2639,1208,1108,323,1208,1108,323,45.77491474043198,41.98560060629026,12.239484653277758,3.727169382341796,3.0,0.0007677189007840921,0.006386123995226336,0.024823550180169213,4.418259067380344
PNR,2612,1178,1109,325,1178,1109,325,45.09954058192955,42.45788667687596,12.442572741194487,3.8269525267993876,4.0,0.0005834889746746911,0.004434452479570281,0.025599485884878904,1.7581473162374432
PNW,2726,1272,1191,263,1272,1191,263,46.661775495231105,43.690388848129125,9.647835656639765,3.5447542186353633,3.0,0.0004982029850294543,0.004074167986994422,0.017503693718587728,1.990902692525946
PODD,1848,817,823,208,817,823,208,44.209956709956714,44.53463203463203,11.255411255411255,3.6201298701298703,3.0,-9.274380954759206e-05,0.0015571672951010596,0.03727466558426377,7.383873395642101
PPG,2657,1213,1137,307,1213,1137,307,45.652992096349266,42.792623259315015,11.554384644335718,3.67707941287166,3.0,0.0003855735069330446,0.004187026354216453,0.021964884250980952,3.062414671403547
PPL,2731,1260,1197,274,1260,1197,274,46.1369461735628,43.83009886488466,10.032954961552546,3.590992310508971,3.0,0.000356099686379224,0.003026625212388627,0.018794798817176772,1.033623349503145
PRU,2436,1120,1032,284,1120,1032,284,45.97701149425287,42.364532019704434,11.658456486042693,3.7118226600985222,3.0,0.0008963420123900724,0.006438621314535922,0.027119185403775357,3.6487047562747463
PSA,2749,1321,1163,265,1321,1163,265,48.05383775918516,42.30629319752637,9.639869043288469,3.5685703892324483,3.0,0.0006826102638756405,0.007969836525308794,0.0198277566456165,6.031006478753292
PSKY,2077,910,948,219,910,948,219,43.813192103996144,45.642753972075106,10.544053923928743,3.5869041887337505,3.0,-0.0006511725247396707,-0.0027755646974005495,0.032948167401861655,1.8019704754421886
PSX,1459,684,627,148,684,627,148,46.88142563399589,42.97464016449623,10.143934201507882,3.658670322138451,3.0,0.0009854782140552793,0.008284265744862436,0.02639986560912891,4.722127315195857
PTC,2596,1150,1134,312,1150,1134,312,44.29892141756548,43.68258859784284,12.01848998459168,3.6837442218798153,3.0,-0.0006833010778110031,0.002230324005305765,0.03444149794278299,3.159405961316056
PWR,2588,1162,1078,348,1162,1078,348,44.89953632148377,41.65378670788253,13.446676970633694,3.812210200927357,4.0,0.0006894747215522657,0.00598165548717381,0.03609583330924649,4.281079458550249
PYPL,1048,487,423,138,487,423,138,46.469465648854964,40.36259541984733,13.16793893129771,3.885496183206107,4.0,0.0006131057525904708,0.008037796640978152,0.030497347831595766,6.02568980990099
Q,68,31,32,5,31,32,5,45.588235294117645,47.05882352941176,7.352941176470589,3.0441176470588234,3.0,-0.0011120125807206065,0.004459935858405534,0.04585381517084634,10.641323508397136
QCOM,2545,1139,1048,358,1139,1048,358,44.75442043222004,41.17878192534381,14.06679764243615,3.8569744597249507,4.0,0.0005590674353777,0.005107212864941304,0.03240057664999974,4.411844192896869
RCL,2637,1160,1130,347,1160,1130,347,43.98938187334092,42.8517254455821,13.158892681076981,3.9226393629124003,4.0,0.00024389988926834386,0.0020139262116795936,0.038505842205063756,4.725447670978512
REG,2699,1222,1179,298,1222,1179,298,45.276028158577255,43.68284549833272,11.041126343090033,3.6065209336791404,3.0,-0.0002121537670850439,0.00342213460763585,0.02156998566766572,2.208437368821468
REGN,2559,1126,1098,335,1126,1098,335,44.00156311059008,42.9073856975381,13.091051191871825,3.81516217272372,4.0,-0.00021479876839955393,0.004410687637180304,0.04137167824084458,15.735443969180734
RF,2662,1205,1156,301,1205,1156,301,45.26671675432006,43.4259954921112,11.307287753568746,3.5574755822689705,3.0,0.00047969361232976296,0.0051733013399038325,0.030594359947895333,0.9096904716496976
RJF,2727,1261,1175,291,1261,1175,291,46.241290795746245,43.08764209754309,10.671067106710671,3.6824349101576823,3.0,-4.173190094163368e-05,0.005611394228455811,0.027897561953242497,2.1893168757823185
RL,2564,1130,1090,344,1130,1090,344,44.07176287051482,42.511700468018724,13.416536661466457,3.8553042121684866,4.0,0.0002654774049032721,0.0017633146229956557,0.031015204157099407,6.040363555156463
RMD,2476,1117,1001,358,1117,1001,358,45.113085621970924,40.4281098546042,14.45880452342488,3.9398222940226173,4.0,0.0009585052090931304,0.005369268018287526,0.02638738039859899,4.017727530700407
ROK,2555,1140,1047,368,1140,1047,368,44.61839530332681,40.97847358121331,14.403131115459884,3.8391389432485323,4.0,0.0010051059149254352,0.006175555099794203,0.027723230301398737,6.415906462560466
ROL,2565,1178,1078,309,1178,1078,309,45.925925925925924,42.02729044834308,12.046783625730995,3.7325536062378166,3.0,0.0005116693290057382,0.004911341323362554,0.022095928394743523,0.6396035620671244
ROP,2657,1260,1104,293,1260,1104,293,47.42190440346255,41.550621001129095,11.027474595408355,3.6307866014301844,3.0,0.0010343772795799236,0.007767763059020065,0.021818153197832917,6.785156684248964
ROST,2607,1217,1099,291,1217,1099,291,46.68200997314921,42.15573456079785,11.162255466052933,3.6609129267357114,3.0,0.0009958130655024157,0.007607295307849446,0.025757643032487024,2.3682921453509476
RSG,2641,1250,1124,267,1250,1124,267,47.330556607345706,42.55963650132525,10.109806891329042,3.586898901931087,3.0,8.220834243823633e-05,0.006016655050100918,0.018238137809419963,1.9767436363512452
RTX,2607,1176,1127,304,1176,1127,304,45.109321058688145,43.22976601457614,11.660912926735712,3.6858457997698504,3.0,0.0002405204043869229,0.002704225205851208,0.02092335627468523,2.4239400266159197
RVTY,2666,1220,1134,312,1220,1134,312,45.76144036009002,42.535633908477124,11.70292573143286,3.7021755438859714,3.0,0.0003057958894325326,0.004550291177515041,0.027951817086002292,3.013125560358271
SBAC,2644,1210,1157,277,1210,1157,277,45.76399394856278,43.75945537065053,10.476550680786687,3.5646747352496218,3.0,-0.00041223890334877615,0.0028395337224189432,0.03583793570400537,5.403790789919378
SBUX,2596,1187,1096,313,1187,1096,313,45.72419106317411,42.21879815100154,12.057010785824346,3.7773497688751925,3.0,0.00015755051521518262,0.004569974655894166,0.025027315339599197,1.879053339871251
SCHW,2653,1193,1184,276,1193,1184,276,44.967960799095366,44.62872220128157,10.403316999623067,3.5623822088202037,3.0,-0.0009421223007925248,0.0009022690850387841,0.031046444010074913,1.904682890199654
SHW,2568,1152,1073,343,1152,1073,343,44.85981308411215,41.783489096573206,13.356697819314642,3.7554517133956384,3.0,0.00034623328513802424,0.004307642136430934,0.0218877396035413,4.434871164410285
SJM,2497,1097,1039,361,1097,1039,361,43.932719263115736,41.60993191830196,14.4573488185823,3.9022827392871444,4.0,0.00024757393049442967,0.0022594424000301734,0.019327551258068964,3.1334324323107046
SLB,2773,1290,1231,252,1290,1231,252,46.520014424810675,44.39235485034259,9.087630724846736,3.5265055896141364,3.0,0.00026385668888190364,0.004473025459003422,0.029586064916382864,2.990188601397675
SMCI,1758,749,727,282,749,727,282,42.60523321956769,41.35381114903299,16.040955631399317,3.960750853242321,4.0,0.0005712378554387953,0.0021152500088671253,0.047569396707146,1.321687196182234
SNA,2538,1071,1101,366,1071,1101,366,42.198581560283685,43.3806146572104,14.420803782505912,3.9440504334121353,4.0,-0.00037033428505683664,-0.0009309765534355048,0.022944333845655696,5.006374006118775
SNDK,142,84,38,20,84,38,20,59.154929577464785,26.76056338028169,14.084507042253522,3.795774647887324,4.0,0.021725721191360844,0.06657299490324808,0.08098125965460369,88.08025193235906
SNPS,2606,1179,1098,329,1179,1098,329,45.241749808135076,42.133537989255565,12.624712202609361,3.75287797390637,4.0,0.0004650416471668385,0.00499371783809309,0.026823977082861022,7.234395182805269
SO,2652,1209,1182,261,1209,1182,261,45.588235294117645,44.57013574660634,9.841628959276019,3.5049019607843137,3.0,0.0001486807705696922,0.0022971103887952007,0.015425046868354006,1.407865992585367
SOLV,224,105,92,27,105,92,27,46.875,41.07142857142857,12.053571428571429,3.7410714285714284,3.5,0.000315933305315557,0.006332018416458845,0.02767493539397591,3.880648721853226
SPG,2674,1243,1146,285,1243,1146,285,46.48466716529544,42.857142857142854,10.658189977561705,3.5714285714285716,3.0,0.00029340938599121323,0.00541188948074577,0.023342404833044176,4.620525963226093
SPGI,2614,1228,1098,288,1228,1098,288,46.97781178270849,42.00459066564652,11.017597551644988,3.715761285386381,3.0,0.0006583632798159903,0.005878037226612931,0.022538723324098942,5.894468656311748
SRE,2612,1180,1151,281,1180,1151,281,45.176110260336905,44.06584992343032,10.758039816232772,3.6500765696784074,3.0,2.7109382174222662e-05,0.0014388870776500505,0.0189607587731757,1.5410958802196995
STE,2556,1179,1053,324,1179,1053,324,46.12676056338028,41.19718309859155,12.676056338028168,3.8294209702660407,4.0,0.0007687057609785283,0.006996155385825906,0.024002892812287575,3.6512207423643113
STLD,2725,1264,1188,273,1264,1188,273,46.38532110091743,43.596330275229356,10.01834862385321,3.5739449541284403,3.0,0.0002728894053471813,0.00907968717532697,0.03639032104215187,2.4279818841436063
STT,2601,1176,1088,337,1176,1088,337,45.213379469434834,41.830065359477125,12.956555171088043,3.7808535178777394,3.0,0.0011665921680952583,0.005540816316325005,0.028039706296931664,3.4056659949367356
STX,2346,1090,976,280,1090,976,280,46.462063086104,41.60272804774083,11.935208866155158,3.7259164535379368,3.0,0.002011128655348016,0.011780667860384663,0.036528238019070305,4.874949107259402
STZ,2529,1111,1054,364,1111,1054,364,43.93040727560301,41.6765519968367,14.3930407275603,3.844998022933966,4.0,0.0004363662043502019,0.002546667966937771,0.023788392827605212,4.138062254944552
SW,514,198,196,120,198,196,120,38.52140077821012,38.13229571984436,23.346303501945524,4.501945525291829,5.0,0.00012243458965868423,-0.0006803347548465192,0.03680249383682399,2.855486137011244
SWK,2635,1124,1167,344,1124,1167,344,42.65654648956357,44.28842504743833,13.055028462998102,3.8554079696394687,4.0,-0.0004884474742651532,-0.0008942896177661081,0.026159424751074536,4.005933338542608
SWKS,2596,1169,1138,289,1169,1138,289,45.03081664098613,43.836671802773495,11.13251155624037,3.663713405238829,3.0,-0.0006342226576120033,0.0037733575302277863,0.043922678174506354,3.796895090712473
SYF,1153,517,491,145,517,491,145,44.839549002601906,42.584562012142236,12.575888985255853,3.614050303555941,3.0,0.0008741280290901685,0.005180036697033297,0.028584984249355006,2.1579136692493908
SYK,2594,1190,1093,311,1190,1093,311,45.87509637625289,42.13569776407093,11.989205859676176,3.71781033153431,3.0,0.0005460736961407888,0.005670233595209398,0.020955300839505274,4.91473652261372
SYY,2524,1068,1105,351,1068,1105,351,42.313787638668785,43.7797147385103,13.906497622820918,3.804278922345483,3.0,-0.0005612588240765269,-0.0004569659359503381,0.019989338062013664,1.7997259661257656
T,2631,1209,1146,276,1209,1146,276,45.9521094640821,43.557582668187,10.490307867730902,3.655264158114785,3.0,0.00031132711532226175,0.0031640110517661226,0.02008689179841474,0.9667831728592419
TAP,2503,1086,1043,374,1086,1043,374,43.38793447862565,41.66999600479425,14.942069516580103,3.97842588893328,4.0,-4.2904569102633265e-05,0.0016586547967567995,0.022481293908526684,2.1847984321140106
TDG,1958,936,770,252,936,770,252,47.80388151174668,39.325842696629216,12.870275791624106,3.7665985699693563,3.0,0.002026777334424742,0.011802399333848308,0.02532838728460373,19.077866806156518
TDY,2612,1202,1104,306,1202,1104,306,46.01837672281776,42.266462480857584,11.715160796324655,3.66156202143951,3.0,0.0002033144628684745,0.005402169864669378,0.027450467723472073,7.064986336711938
TECH,2627,1183,1179,265,1183,1179,265,45.03235629996193,44.8800913589646,10.087552341073467,3.576703464027408,3.0,-0.0002798349495246198,0.0009769998944028926,0.027156953146202742,1.8079309649072253
TEL,1920,889,808,223,889,808,223,46.302083333333336,42.083333333333336,11.614583333333334,3.7489583333333334,3.0,0.0007830526006309408,0.008467419051323343,0.024239834268196026,3.742995758045382
TER,2673,1156,1213,304,1156,1213,304,43.24728769173213,45.37972315750093,11.372989150766928,3.6973438084549195,3.0,-0.0017501427275498482,-0.004031487558626537,0.039435496196067996,4.089230772736947
TFC,2677,1190,1173,314,1190,1173,314,44.452745610758306,43.81770638774748,11.72954800149421,3.6555846096376543,3.0,-0.0004804477083862886,0.0021458703213948437,0.02436359192272038,1.7619087884053046
TGT,2560,1162,1093,305,1162,1093,305,45.390625,42.6953125,11.9140625,3.813671875,4.0,0.00027299631929958375,0.003902034864390046,0.025739030657980326,3.948728440841679
TJX,2683,1251,1149,283,1251,1149,283,46.62691017517704,42.82519567648155,10.54789414834141,3.6038017144986956,3.0,0.0007554698523481845,0.005662433239487741,0.022360915506538483,1.3984178806274874
TKO,2481,1113,1037,331,1113,1037,331,44.86094316807739,41.79766223297058,13.341394598952036,3.712212817412334,3.0,0.0003466969354481231,0.0035429585598377436,0.030978791534564877,2.307818306051915
TMO,2649,1185,1151,313,1185,1151,313,44.73386183465459,43.45035862589656,11.815779539448847,3.6772366930917326,3.0,6.846228800403708e-05,0.0022915389648819596,0.022733299531662504,8.208299173358949
TMUS,1806,825,740,241,825,740,241,45.68106312292359,40.97452934662237,13.344407530454042,3.8449612403100777,4.0,0.0005180739988736614,0.007630118302885801,0.03002748575532182,3.8510329427415204
TPL,2585,1174,1076,335,1174,1076,335,45.41586073500967,41.6247582205029,12.959381044487428,3.622823984526112,3.0,0.0005404953690037676,0.005137997314799852,0.030632360085564154,5.039124054482767
TPR,2482,1070,1061,351,1070,1061,351,43.11039484286866,42.747784045124895,14.141821112006447,3.8420628525382754,4.0,0.00039388877161667524,0.003079614206490059,0.034860624100004366,2.395170602476878
TRGP,1583,741,657,185,741,657,185,46.80985470625395,41.50347441566646,11.686670878079596,3.589387239418825,3.0,0.0005088627217951751,0.009892432848094372,0.032489917372092385,4.164886544930552
TRMB,2541,1068,1098,375,1068,1098,375,42.03069657615112,43.21133412042503,14.757969303423849,3.9696969696969697,4.0,-0.0012227613633941548,-0.0014357285654643256,0.03438308986765685,1.6617203767796251
TROW,2638,1204,1126,308,1204,1126,308,45.640636846095525,42.68385140257771,11.675511751326763,3.6872630780894617,3.0,3.9427387754491825e-05,0.004494754849219936,0.026500320791809626,3.48139089637327
TRV,2572,1194,1057,321,1194,1057,321,46.42301710730949,41.096423017107305,12.480559875583204,3.7216174183514776,3.0,0.0007825778606428118,0.006114940756337634,0.020301849431076862,3.67820916344895
TSCO,2599,1178,1117,304,1178,1117,304,45.32512504809542,42.97806848787996,11.696806464024625,3.767987687572143,4.0,0.00044675514165077565,0.003532665484627406,0.02890367611073117,0.7699996322189812
TSLA,1603,711,675,217,711,675,217,44.35433562071117,42.10854647535871,13.537117903930133,3.9145352464129757,4.0,0.00016871968660220837,0.005025182646970166,0.04675365961664079,10.891287003952456
TSN,2561,1126,1074,361,1126,1074,361,43.96720031237798,41.936743459586104,14.096056228035925,3.8668488871534556,4.0,0.00022144751069892021,0.002906610760930356,0.026232407570016488,1.7541578294630078
TT,2654,1256,1099,299,1256,1099,299,47.32479276563677,41.40919366993218,11.266013564431047,3.7064807837226827,3.0,0.0013243412063597456,0.010294799435776332,0.025815612591895274,3.792446847793379
TTD,881,368,349,164,368,349,164,41.77071509648127,39.61407491486947,18.615209988649262,4.190692395005676,4.0,-5.719159449468794e-05,0.004485090008782252,0.05341197932286192,4.880645040037043
TTWO,2558,1162,1083,313,1162,1083,313,45.426114151681,42.33776387802971,12.23612197028929,3.7865519937451135,3.0,0.0008995460138301546,0.007707105815542238,0.036536976017998254,3.677877198779576
TXN,2726,1237,1208,281,1237,1208,281,45.37784299339692,44.314013206162876,10.308143800440206,3.6837857666911225,3.0,-0.0007126928695117945,0.0024904698483261605,0.02878377546706223,4.03606923313376
TXT,2571,1143,1070,358,1143,1070,358,44.457409568261376,41.61804745235317,13.924542979385453,3.8708673667833526,4.0,0.0006704313448930842,0.004013667102923697,0.02905011597736267,2.1746037460936436
TYL,2544,1154,1088,302,1154,1088,302,45.361635220125784,42.76729559748428,11.871069182389938,3.667452830188679,3.0,0.0002792124013821558,0.005915620520557522,0.030101107311469793,7.283449126019911
UAL,2024,912,866,246,912,866,246,45.059288537549406,42.78656126482213,12.154150197628459,3.808794466403162,4.0,-0.0002840392867467877,0.006642609488189902,0.04596350260470274,3.51427314464912
UBER,697,300,300,97,300,300,97,43.0416068866571,43.0416068866571,13.916786226685796,3.908177905308465,4.0,-4.4443675527413e-06,0.0013879570566438502,0.040527356993863194,3.815793992912357
UDR,2705,1244,1206,255,1244,1206,255,45.988909426987064,44.58410351201479,9.426987060998151,3.520887245841035,3.0,5.812911520204795e-06,0.002337413339727929,0.02118238667978194,1.1621874982686355
UHS,2587,1135,1127,325,1135,1127,325,43.87321221492076,43.56397371472748,12.562814070351758,3.7557015848473134,3.0,0.0001998506759708058,0.0009577845962076719,0.025958336716864414,3.9790611704050156
ULTA,1713,766,709,238,766,709,238,44.71687098657326,41.38937536485698,13.89375364856976,4.027437244600117,4.0,0.0005385147980479146,0.0058451671933502924,0.034119302267976576,12.715666402548749
UNH,2621,1261,1038,322,1261,1038,322,48.11140785959557,39.6032048836322,12.285387256772225,3.7516215185043875,3.0,0.0016589409079757955,0.00991138465128357,0.024213646710694377,7.214268532668411
UNP,2655,1237,1110,308,1237,1110,308,46.591337099811675,41.80790960451977,11.60075329566855,3.7054613935969867,3.0,0.0007376510092968012,0.005336808082430064,0.021930244988382516,3.775323445548233
UPS,2513,1111,1055,347,1111,1055,347,44.21010744130521,41.98169518503781,13.808197373656983,3.9681655391961796,4.0,0.00027896118735131837,0.0015709739559486733,0.019531972463435222,3.8136218951970537
URI,2550,1146,1040,364,1146,1040,364,44.94117647058823,40.78431372549019,14.274509803921568,3.9435294117647057,4.0,0.001274185578073004,0.0073455235164734105,0.04053880188559229,10.49518182325953
USB,2620,1180,1143,297,1180,1143,297,45.038167938931295,43.62595419847328,11.335877862595419,3.6721374045801527,3.0,-0.00029177095807377256,0.002068130190905744,0.024121100216053147,1.5895552204428725
V,1796,876,694,226,876,694,226,48.775055679287306,38.641425389755014,12.583518930957686,3.752783964365256,3.0,0.0016964022415648862,0.009754347800712236,0.02086461774785969,4.888557520799457
VEEV,1229,537,535,157,537,535,157,43.69406021155411,43.5313262815297,12.774613506916191,3.8763222131814485,4.0,-0.0005724493672661358,-0.00121034471132544,0.032292364489538344,9.176981108126771
VICI,854,381,394,79,381,394,79,44.613583138173304,46.13583138173302,9.250585480093678,3.4847775175644027,3.0,-3.3857419569471205e-05,-0.00015146677569909662,0.02057915620911759,1.0758987717482238
VLO,2747,1365,1088,294,1365,1088,294,49.690571532581,39.606843829632325,10.702584637786677,3.6865671641791047,3.0,0.002723124499296604,0.016682636064807403,0.03274360316779109,3.5934600303944717
VLTO,272,122,121,29,122,121,29,44.85294117647059,44.48529411764706,10.661764705882353,3.7720588235294117,3.0,-0.00016007433991953706,0.0008506417935529092,0.01933474042573434,3.599348461374866
VMC,2659,1158,1173,328,1158,1173,328,43.55020684467845,44.114328694998115,12.33546446032343,3.6995110943963896,3.0,-0.0004010901814725411,0.0012960306151110384,0.02631600309791698,5.068006825824878
VRSK,1573,698,653,222,698,653,222,44.37380801017164,41.51303242212333,14.113159567705022,3.8111888111888113,4.0,0.0004377691701686388,0.004039187417119972,0.018159816279473,4.796510747745067
VRSN,2572,1207,1063,302,1207,1063,302,46.92846034214619,41.32970451010887,11.741835147744945,3.6959564541213066,3.0,0.00047496316257473,0.008933992338564348,0.03250149774095621,5.347892127980474
VRT,750,377,289,84,377,289,84,50.26666666666667,38.53333333333334,11.200000000000001,3.562666666666667,3.0,0.0041894971813587634,0.004418427526114519,0.040225059174120587,5.817189922476397
VRTX,2491,1088,1048,355,1088,1048,355,43.67723805700522,42.071457246085906,14.251304696908873,3.8205539943797673,3.0,-0.0007220707561547305,0.002010096973002039,0.03959089345281017,7.560178309747489
VST,942,468,359,115,468,359,115,49.681528662420384,38.1104033970276,12.208067940552016,3.531847133757962,3.0,0.003399184313171797,0.017043481633832944,0.032197298607966586,4.072730937518782
VTR,2586,1195,1087,304,1195,1087,304,46.21036349574633,42.03402938901779,11.755607115235886,3.7436194895591646,3.0,0.0007930425253705214,0.006213454771924896,0.025212141292754855,2.202233778030354
VTRS,2480,1068,1033,379,1068,1033,379,43.064516129032256,41.65322580645161,15.28225806451613,3.9141129032258064,4.0,0.0002918386796917249,0.00220647366626437,0.029832252288897056,1.2758505394488167
VZ,2664,1203,1177,284,1203,1177,284,45.15765765765766,44.18168168168168,10.66066066066066,3.606981981981982,3.0,-0.00015335010412399102,0.0016362828728960638,0.01866317048395599,1.5343760387742422
WAB,2600,1167,1149,284,1167,1149,284,44.88461538461539,44.19230769230769,10.923076923076923,3.7253846153846153,3.0,-0.00014453041248883148,0.00320768770849565,0.027743744698634703,2.8106943565202833
WAT,2486,1120,1001,365,1120,1001,365,45.05229283990346,40.26548672566372,14.682220434432825,3.9585679806918743,4.0,0.0008125679071855929,0.006408616969039859,0.027820708548216323,7.264029768231589
WBD,2046,914,901,231,914,901,231,44.67253176930596,44.03714565004888,11.29032258064516,3.6407624633431084,3.0,9.331399312808162e-05,0.001113854956513003,0.03108357418481157,1.2690983884129075
WDAY,1339,616,556,167,616,556,167,46.00448095593727,41.52352501867065,12.471994025392084,3.7505601194921585,3.0,0.0013677409192891009,0.011589430752524079,0.03111618852050881,9.578221016615144
WDC,2630,1203,1100,327,1203,1100,327,45.74144486692015,41.825095057034225,12.433460076045627,3.767680608365019,3.0,0.000826268442338413,0.007137263138392145,0.04314935187101131,3.476381568143161
WEC,2739,1321,1166,252,1321,1166,252,48.22928075940124,42.570281124497996,9.200438116100766,3.439941584519898,3.0,0.0008122685501247917,0.0076533404313344515,0.01554594598939611,1.545403479099977
WELL,2725,1243,1157,325,1243,1157,325,45.61467889908257,42.45871559633028,11.926605504587156,3.6543119266055046,3.0,0.0004531776408716003,0.0056818088372129665,0.02091559173075305,2.491770165463133
WFC,2641,1204,1130,307,1204,1130,307,45.58879212419538,42.78682317304052,11.624384702764104,3.6376372586141614,3.0,0.00039606337214898913,0.004040409537004906,0.025004306378666092,1.8336681114772737
WM,2599,1200,1081,318,1200,1081,318,46.1716044632551,41.5929203539823,12.2354751827626,3.697191227395152,3.0,0.00032992295270454374,0.0037653273122736516,0.01827186808678272,2.461994390627203
WMB,2598,1211,1072,315,1211,1072,315,46.61277906081601,41.26250962278676,12.124711316397228,3.686682063125481,3.0,0.0008549307861721902,0.008699086368604742,0.03350159679220564,1.535324561212683
WMT,2545,1145,1057,343,1145,1057,343,44.9901768172888,41.53241650294696,13.477406679764245,3.843614931237721,4.0,0.00030886331211365387,0.002604676719338175,0.018302336962589653,1.1476105443162166
WRB,2591,1175,1100,316,1175,1100,316,45.34928598996527,42.454650714010036,12.1960632960247,3.719027402547279,3.0,0.00020184524156588977,0.0033268048100471024,0.019464813074506215,0.7275791703731481
WSM,2598,1136,1100,362,1136,1100,362,43.72594303310239,42.34026173979984,13.933795227097768,3.844495765973826,4.0,0.00035019330959971517,0.0022543866288287913,0.036024567500561835,2.680232283915829
WST,2502,1078,1072,352,1078,1072,352,43.08553157474021,42.84572342126299,14.068745003996803,3.8872901678657072,4.0,-0.00018186952209433755,0.0010762074253241778,0.02439392263812268,5.415058826584224
WTW,2390,1072,1017,301,1072,1017,301,44.853556485355654,42.55230125523013,12.594142259414227,3.720502092050209,3.0,0.0003437850937976386,0.0030019235284923086,0.020000192846846895,5.471269288499148
WY,2655,1175,1176,304,1175,1176,304,44.25612052730697,44.293785310734464,11.450094161958567,3.7020715630885124,3.0,5.797875278499105e-05,0.0012570999741912314,0.025570351640425502,1.992103312427942
WYNN,2384,1095,999,290,1095,999,290,45.93120805369127,41.90436241610738,12.164429530201343,3.7315436241610738,3.0,0.0008967361296384694,0.006253765399398513,0.03791113725391933,6.869461934392504
XEL,2690,1244,1182,264,1244,1182,264,46.2453531598513,43.940520446096656,9.814126394052044,3.472490706319703,3.0,0.00039423716693288535,0.0030409633755488965,0.017317406668794718,1.2655645293301667
XOM,2731,1250,1193,288,1250,1193,288,45.77077993409008,43.68363236909557,10.545587696814355,3.575247162211644,3.0,0.0004519762616498583,0.0022958257164965522,0.020103216115282718,2.9425530439213765
XYL,1448,681,600,167,681,600,167,47.030386740331494,41.43646408839779,11.533149171270718,3.7002762430939224,3.0,0.0010868111929331161,0.0073316519978935,0.020944744716160455,3.1110227352018285
XYZ,1048,487,438,123,487,438,123,46.469465648854964,41.79389312977099,11.736641221374047,3.724236641221374,4.0,0.000898709416944012,0.010654331813648558,0.046053602407156904,7.793527391129112
YUM,2581,1204,1063,314,1204,1063,314,46.64858581944983,41.18558698179,12.165827198760171,3.7756683456024795,3.0,0.0007303741153437925,0.006124703320957915,0.021524490621115666,2.2256141600466726
ZBH,2367,1086,961,320,1086,961,320,45.8808618504436,40.59991550485847,13.519222644697928,3.9032530629488806,4.0,0.0010397114497362706,0.007509021557277793,0.022551046214095462,3.7928635077049146
ZBRA,2526,1090,1063,373,1090,1063,373,43.151227236737924,42.082343626286615,14.766429136975457,3.983372921615202,4.0,-8.612001483358957e-05,0.0005422680977954925,0.03045474556556794,7.5764067765313765
ZTS,1290,587,548,155,587,548,155,45.50387596899225,42.480620155038764,12.015503875968992,3.7449612403100776,3.0,0.0002825607016551573,0.005219158795153557,0.020655651983333446,4.752406883441478
