Ticker,Number of Events,Events / Year,Positive Events,Negative Events,Positive %,Negative %,Average Interval,Median Interval,Minimum Interval,Maximum Interval,Average Threshold
A,2587,67.410195429635,1353,1234,52.29996134518748,47.70003865481252,3.7296983758700697,3.0,1.0,21.0,0.029716627555596
AAPL,2669,69.48223140495868,1535,1134,57.5121768452604,42.4878231547396,3.6184407796101947,3.0,1.0,19.0,0.028847300019654225
ABBV,1311,67.02617163724894,728,583,55.5301296720061,44.4698703279939,3.7526717557251907,3.0,1.0,17.0,0.0216224919263597
ABNB,547,67.90344827586208,271,276,49.54296160877514,50.45703839122486,3.708791208791209,3.0,1.0,14.0,0.038060287791753404
ABT,2623,68.34119106699752,1391,1232,53.03088067098742,46.969119329012585,3.678871090770404,3.0,1.0,17.0,0.01908902887064918
ACGL,2597,67.6567765946449,1454,1143,55.98767809010396,44.01232190989604,3.7161016949152543,3.0,1.0,29.0,0.019043471769281162
ACN,2430,67.22582061697223,1316,1114,54.15637860082304,45.84362139917695,3.739810621655002,3.0,1.0,22.0,0.022983037757178266
ADBE,2613,68.08064516129032,1412,1201,54.037504783773436,45.962495216226564,3.6929555895865236,3.0,1.0,22.0,0.03106543434189877
ADI,2732,71.15171558495246,1436,1296,52.56222547584187,47.43777452415813,3.533504210911754,3.0,1.0,26.0,0.030350247275166237
ADM,2603,67.79906976744186,1382,1221,53.092585478294275,46.907414521705725,3.7083013066871637,3.0,1.0,24.0,0.023639816697328845
ADP,2614,68.10669975186104,1408,1206,53.86381025248661,46.13618974751339,3.691542288557214,3.0,1.0,18.0,0.01862818566211175
ADSK,2635,68.64674868189806,1413,1222,53.62428842504744,46.37571157495256,3.662490508731967,3.0,1.0,20.0,0.03176159424731771
AEE,2698,70.23719008264463,1424,1274,52.779836916234245,47.220163083765755,3.5795328142380423,3.0,1.0,20.0,0.016243261053596095
AEP,2707,70.47148760330579,1436,1271,53.04765422977466,46.95234577022534,3.567627494456763,3.0,1.0,21.0,0.01804909336558637
AES,2636,68.97943925233645,1337,1299,50.72078907435509,49.27921092564492,3.6447817836812146,3.0,1.0,41.0,0.034527735949349256
AFL,2515,65.47990494885835,1361,1154,54.115308151093444,45.88469184890656,3.83969769291965,3.0,1.0,21.0,0.023255987186382936
AIG,2589,67.40655026345696,1329,1260,51.33256083429896,48.66743916570104,3.729907264296754,3.0,1.0,26.0,0.031038522609406313
AIZ,2198,67.73829032652563,1209,989,55.004549590536854,44.99545040946315,3.711879836140191,3.0,1.0,21.0,0.02235843759911381
AJG,2603,67.79906976744186,1437,1166,55.205532078371114,44.794467921628886,3.7083013066871637,3.0,1.0,20.0,0.018918825510437682
AKAM,2385,62.08884297520661,1253,1132,52.536687631027256,47.46331236897275,4.049496644295302,4.0,1.0,22.0,0.04556336761048695
ALB,2658,69.2101673899566,1387,1271,52.18209179834462,47.81790820165538,3.6326684230334965,3.0,1.0,21.0,0.031633746034240226
ALGN,2312,62.77599396616744,1199,1113,51.8598615916955,48.1401384083045,4.005192557334487,3.0,1.0,25.0,0.045570841745607854
ALL,2585,67.34415383024916,1396,1189,54.003868471953574,45.99613152804642,3.733359133126935,3.0,1.0,21.0,0.02102366303148185
ALLE,1254,68.51864700780573,674,580,53.74800637958532,46.25199362041467,3.6711891460494814,3.0,1.0,20.0,0.0208176947667884
AMAT,2747,71.55716353111433,1471,1276,53.5493265380415,46.4506734619585,3.5134741442097597,3.0,1.0,18.0,0.03336488029162063
AMCR,785,39.0716966225558,392,393,49.93630573248408,50.06369426751592,6.441326530612245,3.0,1.0,524.0,0.022832863248611127
AMD,2654,69.0988738506044,1385,1269,52.18538055764883,47.81461944235117,3.638522427440633,3.0,1.0,24.0,0.04947604409166707
AME,2602,67.74501498088647,1441,1161,55.380476556495005,44.619523443504995,3.7112648981161094,3.0,1.0,21.0,0.021499776501064948
AMGN,2635,68.61837346285006,1362,1273,51.688804554079695,48.311195445920305,3.664009111617312,3.0,1.0,20.0,0.02341885701719587
AMP,2076,68.88110599078341,1136,940,54.72061657032755,45.27938342967245,3.650120481927711,3.0,1.0,21.0,0.027530450211286972
AMT,2687,69.96528208307501,1416,1271,52.698176404912545,47.301823595087455,3.5934475055845123,3.0,1.0,21.0,0.029317260858876357
AMZN,2599,67.67389956602604,1431,1168,55.0596383224317,44.9403616775683,3.7151655119322555,3.0,1.0,20.0,0.03510561877131195
ANET,1160,66.25566636446057,667,493,57.49999999999999,42.5,3.7963761863675582,3.0,1.0,21.0,0.036504002059933496
AON,2485,64.73896412695132,1375,1110,55.33199195171026,44.668008048289735,3.88365539452496,3.0,1.0,22.0,0.021068805145697707
AOS,2642,68.77933884297519,1393,1249,52.72520817562453,47.27479182437547,3.6554335478985234,3.0,1.0,18.0,0.025650952149581525
APA,2780,72.37937803492096,1435,1345,51.618705035971225,48.381294964028775,3.473551637279597,3.0,1.0,26.0,0.03532368977417974
APD,2561,66.6706611570248,1364,1197,53.260445138617726,46.739554861382274,3.77109375,3.0,1.0,28.0,0.021922516325077322
APH,2616,68.10951544581053,1458,1158,55.73394495412845,44.26605504587156,3.691395793499044,3.0,1.0,28.0,0.026324063773036706
APO,1563,70.66307857911733,833,730,53.29494561740243,46.70505438259757,3.558898847631242,3.0,1.0,20.0,0.028881523012460088
APP,510,67.74907749077491,271,239,53.13725490196079,46.86274509803921,3.717092337917485,3.0,1.0,16.0,0.06312166216408571
APTV,1463,69.02752293577981,773,690,52.83663704716336,47.163362952836636,3.643638850889193,3.0,1.0,18.0,0.028370663391428293
ARE,2706,70.44545454545454,1436,1270,53.06725794530672,46.93274205469327,3.5689463955637706,3.0,1.0,27.0,0.021986271744312513
ARES,1208,68.5004500450045,652,556,53.973509933774835,46.026490066225165,3.671913835956918,3.0,1.0,29.0,0.02776687111233938
ATO,2747,71.51280991735537,1492,1255,54.31379686931198,45.68620313068802,3.5156591405680993,3.0,1.0,21.0,0.016777819224041465
AVB,2713,70.62768595041322,1448,1265,53.37265020272761,46.627349797272394,3.559734513274336,3.0,1.0,22.0,0.020273046412926658
AVGO,1683,68.67163212435234,945,738,56.14973262032086,43.85026737967914,3.6617122473246138,3.0,1.0,21.0,0.029649647615684387
AVY,2596,67.58181818181818,1339,1257,51.579352850539294,48.42064714946071,3.7202312138728324,3.0,1.0,27.0,0.02271101816884889
AWK,1853,70.29293993677555,1004,849,54.182406907717215,45.817593092282785,3.5772138228941683,3.0,1.0,17.0,0.017597763329172816
AXON,2299,63.351339529797706,1236,1063,53.762505437146594,46.23749456285341,3.968668407310705,3.0,1.0,28.0,0.047614744804386225
AXP,2646,68.91906976744185,1412,1234,53.36356764928194,46.63643235071807,3.6480151228733457,3.0,1.0,22.0,0.02555981117889801
AZO,2544,66.23494162620105,1412,1132,55.503144654088054,44.49685534591195,3.7959103421156115,3.0,1.0,25.0,0.021433667893536817
BA,2671,69.53429752066116,1416,1255,53.01385248970423,46.986147510295766,3.6157303370786518,3.0,1.0,31.0,0.026990046911259866
BAC,2599,67.67389956602604,1354,1245,52.09696036937284,47.90303963062716,3.7151655119322555,3.0,1.0,23.0,0.02858732372888067
BALL,2613,68.05250103348492,1396,1217,53.42518178339074,46.57481821660926,3.694486983154671,3.0,1.0,21.0,0.02188604879436638
BAX,2511,65.3690082644628,1327,1184,52.847471127041025,47.15252887295898,3.846215139442231,3.0,1.0,24.0,0.021715180126789246
BBY,2537,66.04586776859504,1313,1224,51.7540402049665,48.24595979503351,3.806782334384858,3.0,1.0,27.0,0.03514709571115442
BDX,2591,67.451652892562,1371,1220,52.9139328444616,47.0860671555384,3.7274131274131275,3.0,1.0,27.0,0.01876585061508673
BEN,2685,69.90598202293626,1402,1283,52.21601489757914,47.78398510242086,3.5964977645305516,3.0,1.0,26.0,0.026685275761318218
BF-B,2597,67.62881058179188,1380,1217,53.13823642664614,46.86176357335387,3.717642526964561,3.0,1.0,20.0,0.019143294017104056
BG,2449,67.87066974595842,1290,1159,52.67456104532462,47.32543895467538,3.704248366013072,3.0,1.0,21.0,0.025909282530521823
BIIB,2418,62.94793388429752,1244,1174,51.44747725392887,48.55252274607113,3.994207695490277,3.0,1.0,38.0,0.03372490208419679
BKNG,2524,65.73460107482431,1343,1181,53.209191759112514,46.790808240887486,3.824811732065002,3.0,1.0,23.0,0.0399246573977092
BKR,2704,70.39338842975206,1382,1322,51.109467455621306,48.8905325443787,3.571587125416204,3.0,1.0,21.0,0.03260854687282808
BLDR,2076,68.13649387861423,1051,1025,50.626204238921005,49.373795761078995,3.690120481927711,3.0,1.0,23.0,0.04650957667648595
BLK,2680,69.8190840483821,1442,1238,53.80597014925373,46.19402985074627,3.600970511384845,3.0,1.0,21.0,0.02505574924969867
BMY,2545,66.28152128978917,1293,1252,50.80550098231827,49.19449901768173,3.7932389937106916,3.0,1.0,21.0,0.021821197503632667
BNY,2623,68.30587992146326,1396,1227,53.221502096835685,46.778497903164315,3.6807780320366135,3.0,1.0,28.0,0.025084175371775562
BR,1937,69.32594801874734,1062,875,54.827052142488384,45.172947857511616,3.6270661157024793,3.0,1.0,21.0,0.020079396148171114
BRK-B,2605,67.81611570247934,1377,1228,52.85988483685221,47.1401151631478,3.707373271889401,3.0,1.0,21.0,0.016422239268296515
BRO,2598,67.65485171024078,1442,1156,55.50423402617398,44.49576597382602,3.7162110127069696,3.0,1.0,22.0,0.019999375866814516
BSX,2557,66.61470071332576,1349,1208,52.757137270238566,47.242862729761434,3.774256651017214,3.0,1.0,21.0,0.027116803669476757
BX,1966,71.26467203682394,1009,957,51.322482197355036,48.677517802644964,3.5282442748091603,3.0,1.0,19.0,0.033645602401899816
BXP,2709,70.52355371900826,1423,1286,52.52860834256183,47.47139165743817,3.564992614475628,3.0,1.0,21.0,0.022816576579669116
C,2635,68.60419464820747,1361,1274,51.65085388994307,48.34914611005693,3.664768413059985,3.0,1.0,24.0,0.02975558321082722
CAH,2504,65.18677685950414,1359,1145,54.27316293929712,45.72683706070288,3.856971634039153,3.0,1.0,20.0,0.023264576954050757
CARR,617,67.69003047453201,326,291,52.836304700162074,47.163695299837926,3.719155844155844,3.0,1.0,19.0,0.030357773807161294
CASY,2491,64.85504700898852,1341,1150,53.83380168606985,46.16619831393015,3.876706827309237,3.0,1.0,24.0,0.025244992225190627
CAT,2707,70.47876846781692,1453,1254,53.67565570742519,46.32434429257481,3.567257945306726,3.0,1.0,20.0,0.026175767395953668
CB,2634,68.57815890071288,1390,1244,52.771450265755504,47.228549734244496,3.6661602734523355,3.0,1.0,21.0,0.021946087264377287
CBOE,1654,71.07912687585265,927,727,56.0459492140266,43.9540507859734,3.5378100423472474,3.0,1.0,15.0,0.019309027076513073
CBRE,2217,69.38450074515649,1196,1021,53.9467749210645,46.0532250789355,3.6236462093862816,3.0,1.0,23.0,0.03314911173472411
CCI,2660,69.25508833557186,1357,1303,51.01503759398496,48.984962406015036,3.6303121474238433,3.0,1.0,18.0,0.029583081828598406
CCL,2643,68.81248062816407,1352,1291,51.15399167612561,48.846008323874386,3.6536714610143832,3.0,1.0,19.0,0.03317999627603678
CDNS,2578,67.11322314049588,1400,1178,54.30566330488751,45.69433669511249,3.7462165308498254,3.0,1.0,21.0,0.030257923995243304
CDW,1257,66.65909090909092,714,543,56.801909307875896,43.198090692124104,3.7730891719745223,3.0,1.0,20.0,0.02330059070373091
CEG,421,65.28738461538462,236,185,56.057007125890735,43.942992874109265,3.8595238095238096,3.0,1.0,18.0,0.04001308648881659
CF,2146,70.87706422018348,1138,1008,53.02889095992545,46.97110904007455,3.5473193473193474,3.0,1.0,15.0,0.0345390878633026
CFG,1194,69.97395348837209,626,568,52.428810720268004,47.571189279731996,3.5943000838222967,3.0,1.0,21.0,0.027606437332600844
CHD,2596,67.58880049591899,1418,1178,54.622496147919875,45.377503852080125,3.719845857418112,3.0,1.0,25.0,0.017979001972546267
CHRW,2522,65.73686388084401,1361,1161,53.96510705789056,46.03489294210944,3.824672748909163,3.0,1.0,21.0,0.02488399786442981
CHTR,1571,65.78464606181456,820,751,52.196053469127946,47.803946530872054,3.8229299363057323,3.0,1.0,22.0,0.02493454541742884
CI,2545,66.26097737369564,1389,1156,54.577603143418465,45.42239685658153,3.794418238993711,3.0,1.0,31.0,0.026621531153561914
CIEN,2550,66.38429752066115,1292,1258,50.66666666666667,49.333333333333336,3.7873675951353474,3.0,1.0,27.0,0.04883150560707501
CINF,2679,69.74256198347108,1441,1238,53.78872713699141,46.21127286300858,3.604929051530993,3.0,1.0,20.0,0.01994681718601512
CL,2587,67.34752066115702,1359,1228,52.531890220332436,47.468109779667564,3.7331786542923435,3.0,1.0,22.0,0.016260664308405996
CLX,2594,67.5297520661157,1376,1218,53.04548959136469,46.954510408635315,3.723100655611261,3.0,1.0,22.0,0.018214714478601072
CMCSA,2669,69.52532561505066,1379,1290,51.667291120269766,48.332708879730234,3.616191904047976,3.0,1.0,19.0,0.02414785400709711
CME,2380,69.6666279474968,1276,1104,53.61344537815126,46.38655462184874,3.609079445145019,3.0,1.0,18.0,0.02365065383546105
CMG,1886,63.69230769230769,1003,883,53.1813361611877,46.8186638388123,3.9480106100795758,3.0,1.0,29.0,0.031229032295906747
CMI,2678,69.77419354838709,1418,1260,52.94996265870052,47.05003734129948,3.6032872618602916,3.0,1.0,22.0,0.028859009717131786
CMS,2678,69.71652892561983,1440,1238,53.7714712471994,46.2285287528006,3.6062756817332837,3.0,1.0,18.0,0.01988467775980472
CNC,2270,63.80102609859469,1228,1042,54.096916299559474,45.903083700440526,3.9409431467606875,3.0,1.0,28.0,0.03352535955733038
CNP,2627,68.38884297520661,1398,1229,53.21659687856871,46.78340312143129,3.6763137852246763,3.0,1.0,24.0,0.02191113020613962
COF,2667,69.44451332920025,1394,1273,52.268466441694784,47.73153355830521,3.6204051012753187,3.0,1.0,20.0,0.03266798368378405
COHR,2539,66.10476288872817,1347,1192,53.05238282788499,46.94761717211501,3.8033884948778565,3.0,1.0,26.0,0.04201083712501369
COIN,562,74.34330708661417,261,301,46.44128113879004,53.55871886120996,3.3868092691622103,3.0,1.0,14.0,0.06827523910024848
COO,2541,66.15683438371732,1356,1185,53.36481700118064,46.63518299881936,3.8003937007874016,3.0,1.0,23.0,0.024877891607599175
COP,2782,72.43893366398017,1475,1307,53.019410496046014,46.98058950395399,3.4706939949658397,3.0,1.0,20.0,0.02542358469635122
COR,2583,67.25033577848951,1427,1156,55.24583817266744,44.75416182733256,3.738574748257165,3.0,1.0,24.0,0.022443997829646185
COST,2653,69.07283810310982,1476,1177,55.6351300414625,44.364869958537504,3.639894419306184,3.0,1.0,22.0,0.020472773132287025
CPAY,1483,65.8066561014263,802,681,54.07956844234659,45.92043155765341,3.8218623481781377,3.0,1.0,21.0,0.025215262753122688
CPRT,2527,65.78553719008265,1375,1152,54.412346656113975,45.58765334388603,3.821852731591449,3.0,1.0,20.0,0.02551840095546704
CPT,2702,70.34858973034405,1449,1253,53.626943005181346,46.373056994818654,3.5738615327656422,3.0,1.0,21.0,0.02037039035120776
CRH,2679,69.75697458152511,1381,1298,51.54908547965659,48.45091452034341,3.604182225541449,3.0,1.0,18.0,0.02857270005408476
CRL,2514,66.69417833456153,1354,1160,53.858392999204455,46.141607000795545,3.7695980899323516,3.0,1.0,23.0,0.028428991999432357
CRM,2152,67.41720537046247,1146,1006,53.25278810408922,46.74721189591078,3.7294281729428174,3.0,1.0,22.0,0.0325494739357034
CRWD,715,70.05443234836703,395,320,55.24475524475524,44.75524475524475,3.592436974789916,3.0,1.0,17.0,0.04663519116181051
CSCO,2506,65.26581231914014,1348,1158,53.790901835594575,46.209098164405425,3.852295409181637,3.0,1.0,21.0,0.027104053872725322
CSGP,2573,67.00382349901828,1324,1249,51.45744267392149,48.54255732607851,3.7523328149300155,3.0,1.0,22.0,0.031705979516167944
CSX,2690,70.07960301871188,1435,1255,53.3457249070632,46.6542750929368,3.5875790256600966,3.0,1.0,23.0,0.025079304725549104
CTAS,2579,67.14619278851121,1391,1188,53.93563396665374,46.06436603334626,3.744375484871994,3.0,1.0,23.0,0.022201121730509987
CTSH,2549,66.3788364162447,1350,1199,52.961945861122004,47.038054138877996,3.7876766091051803,3.0,1.0,29.0,0.030809689517075325
CTVA,697,67.60739030023095,384,313,55.09325681492109,44.90674318507891,3.7227011494252875,3.0,1.0,16.0,0.02613773858934386
CVNA,888,66.71914132379248,464,424,52.25225225225225,47.74774774774775,3.7711386696730553,3.0,1.0,15.0,0.07596353790339262
CVS,2583,67.26423478350729,1369,1214,53.00038714672861,46.99961285327139,3.7378001549186677,3.0,1.0,21.0,0.023284638651020508
CVX,2737,71.2598408926542,1463,1274,53.452685421994886,46.547314578005114,3.528143274853801,3.0,1.0,27.0,0.020558324612874226
D,2685,69.94934353354698,1428,1257,53.18435754189944,46.81564245810056,3.5942622950819674,3.0,1.0,27.0,0.01705354226513032
DAL,1944,69.97400371375517,1007,937,51.80041152263375,48.199588477366255,3.5934122490993308,3.0,1.0,20.0,0.03828171049729353
DASH,537,66.82666666666667,274,263,51.02420856610801,48.97579143389199,3.7686567164179103,3.0,1.0,20.0,0.0457493637606455
DD,2629,68.44090909090909,1343,1286,51.08406238113351,48.91593761886649,3.67351598173516,3.0,1.0,19.0,0.026969249852621016
DDOG,655,66.55645161290322,349,306,53.282442748091604,46.717557251908396,3.7813455657492354,3.0,1.0,15.0,0.04829761931681216
DE,2718,70.76516169025726,1454,1264,53.49521707137601,46.50478292862399,3.552815605447184,3.0,1.0,20.0,0.02579297723765823
DECK,2579,67.13925619834711,1395,1184,54.090732842186895,45.909267157813105,3.7447633824670286,3.0,1.0,24.0,0.039602376769915196
DELL,924,64.55447740504574,534,390,57.7922077922078,42.2077922077922,3.897074756229686,3.0,1.0,19.0,0.03193882955169648
DG,1531,63.508148148148145,819,712,53.4944480731548,46.5055519268452,3.9601307189542485,4.0,1.0,27.0,0.02316949371269773
DGX,2498,65.03729724145056,1353,1145,54.16333066453163,45.83666933546838,3.86583900680817,3.0,1.0,21.0,0.022264747467744227
DHI,2706,70.44545454545454,1417,1289,52.36511456023651,47.63488543976349,3.5689463955637706,3.0,1.0,19.0,0.03484874668098286
DHR,2615,68.09755089387207,1414,1201,54.07265774378585,45.927342256214146,3.6920428462127006,3.0,1.0,27.0,0.02064250060834319
DIS,2595,67.59768451519537,1353,1242,52.138728323699425,47.861271676300575,3.7193523515805706,3.0,1.0,20.0,0.023346042898817417
DLR,2219,70.63129973474801,1199,1020,54.03334835511492,45.96665164488508,3.5599639314697926,3.0,1.0,25.0,0.023836811519749625
DLTR,2453,63.911910669975185,1310,1143,53.403995108030976,46.59600489196902,3.933931484502447,3.0,1.0,27.0,0.029977720507112206
DOC,2650,69.08037653874004,1381,1269,52.113207547169814,47.88679245283019,3.6394865987164966,3.0,1.0,19.0,0.02298784713136795
DOV,2721,70.84326893274098,1422,1299,52.260198456449835,47.739801543550165,3.5488970588235293,3.0,1.0,20.0,0.022815277395006286
DOW,747,70.76842105263158,358,389,47.92503346720214,52.07496653279786,3.5563002680965146,3.0,1.0,17.0,0.02922323276948718
DPZ,2056,64.53811659192824,1120,936,54.474708171206224,45.525291828793776,3.8958637469586375,3.0,1.0,34.0,0.0272418185193956
DRI,2489,64.79628099173554,1301,1188,52.26998794696666,47.73001205303335,3.880225080385852,3.0,1.0,26.0,0.02690220315891088
DTE,2717,70.73181818181818,1461,1256,53.77254324622746,46.22745675377254,3.5544918998527244,3.0,1.0,21.0,0.01639304009943859
DUK,2699,70.26322314049587,1438,1261,53.278992219340495,46.7210077806595,3.5782060785767236,3.0,1.0,22.0,0.017369542585715332
DVA,2425,63.1301652892562,1312,1113,54.10309278350516,45.896907216494846,3.982673267326733,3.0,1.0,27.0,0.026256983333471623
DVN,2796,72.79594999483419,1437,1359,51.39484978540773,48.60515021459227,3.4536672629695886,3.0,1.0,17.0,0.03357545468825653
DXCM,1945,63.25203252032521,1021,924,52.49357326478149,47.50642673521851,3.9753086419753085,3.0,1.0,29.0,0.04259723271274986
EA,2539,66.09793388429752,1332,1207,52.46159905474597,47.53840094525404,3.8037825059101653,3.0,1.0,57.0,0.030164874202492132
EBAY,2566,66.82844150475404,1351,1215,52.65003897116134,47.34996102883866,3.7621832358674463,3.0,1.0,21.0,0.031461238446028106
ECHO,1738,64.84690553745928,864,874,49.712313003452245,50.287686996547755,3.877950489349453,3.0,1.0,20.0,0.03258187487533579
ECL,2655,69.11776859504133,1426,1229,53.70998116760829,46.290018832391716,3.637528259231349,3.0,1.0,21.0,0.018798256892018698
ED,2728,71.01818181818182,1430,1298,52.41935483870967,47.58064516129033,3.5401540154015403,3.0,1.0,19.0,0.015139787500025793
EFX,2528,65.81157024793389,1352,1176,53.48101265822785,46.51898734177215,3.820340324495449,3.0,1.0,21.0,0.023377772300036813
EG,2548,66.38023364002895,1365,1183,53.57142857142857,46.42857142857143,3.7875932469572047,3.0,1.0,28.0,0.021319397963027967
EIX,2594,67.5297520661157,1395,1199,53.77794911333847,46.22205088666153,3.723100655611261,3.0,1.0,35.0,0.02188523739609791
EL,2505,65.21954747391258,1288,1217,51.417165668662676,48.582834331337324,3.855031948881789,3.0,1.0,27.0,0.025713502471994425
ELV,2426,67.87520817142223,1329,1097,54.78153338829349,45.21846661170652,3.7043298969072165,3.0,1.0,21.0,0.024493362034101265
EME,2624,68.31780142576712,1444,1180,55.03048780487805,44.96951219512195,3.680137247426611,3.0,1.0,20.0,0.027908321547961818
EMR,2644,68.83851637565864,1380,1264,52.193645990922846,47.806354009077154,3.6522890654559212,3.0,1.0,19.0,0.022529832083482304
EOG,2786,72.5430874147551,1479,1307,53.08686288585787,46.91313711414214,3.465709156193896,3.0,1.0,21.0,0.030764615406671712
EQIX,2542,67.72932966800593,1335,1207,52.5177025963808,47.48229740361919,3.7119244391971664,3.0,1.0,20.0,0.039493536708547404
EQR,2739,71.30454545454546,1453,1286,53.04855786783498,46.95144213216502,3.5259313367421474,3.0,1.0,19.0,0.020715844045047675
EQT,2747,71.51280991735537,1451,1296,52.82125955587914,47.17874044412086,3.5156591405680993,3.0,1.0,20.0,0.029711765870273375
ERIE,2553,66.48987184787102,1371,1182,53.701527614571084,46.29847238542891,3.781347962382445,3.0,1.0,23.0,0.018900726038971506
ES,2673,69.63672076915124,1444,1229,54.02169846614291,45.97830153385709,3.6104041916167664,3.0,1.0,21.0,0.017511856683447194
ESS,2734,71.18173365017049,1492,1242,54.572055596196044,45.42794440380395,3.5320160995243324,3.0,1.0,30.0,0.019960028986048296
ETN,2648,68.94978301301921,1431,1217,54.04078549848943,45.95921450151057,3.646392142047601,3.0,1.0,17.0,0.02397666955441677
ETR,2713,70.68610421836229,1480,1233,54.55215628455584,45.44784371544416,3.5567846607669615,3.0,1.0,24.0,0.01839875820082735
EVRG,2666,69.40413223140496,1450,1216,54.38859714928732,45.61140285071268,3.622514071294559,3.0,1.0,21.0,0.017740161687802417
EW,2371,62.26469362234264,1306,1065,55.08224377899621,44.9177562210038,4.037974683544304,4.0,1.0,26.0,0.025651743088221855
EXC,2722,70.86198347107438,1463,1259,53.74724467303453,46.25275532696547,3.547960308710033,3.0,1.0,19.0,0.019505919278575215
EXE,546,70.0570264765784,285,261,52.197802197802204,47.8021978021978,3.5944954128440365,3.0,1.0,14.0,0.02855974600339532
EXPD,2601,67.73997519636214,1417,1184,54.47904652056901,45.520953479430986,3.7115384615384617,3.0,1.0,19.0,0.02500147038169378
EXPE,1910,62.95056238556108,994,916,52.04188481675393,47.95811518324607,3.994237820848612,3.0,1.0,35.0,0.0339135471430768
EXR,2243,70.70753064798599,1201,1042,53.544360231832364,46.455639768167636,3.5557537912578057,3.0,1.0,22.0,0.023477537303069538
F,2643,68.82670249044125,1317,1326,49.82973893303065,50.17026106696936,3.652914458743376,3.0,1.0,26.0,0.0317259781719332
FANG,1420,71.38240574506284,749,671,52.74647887323943,47.25352112676056,3.5229034531360113,3.0,1.0,16.0,0.03580780961382651
FAST,2614,68.06447613143212,1378,1236,52.71614384085692,47.28385615914308,3.693838499808649,3.0,1.0,18.0,0.025859917519005206
FCX,2713,70.64228146311221,1401,1312,51.640250645042386,48.35974935495761,3.5589970501474926,3.0,1.0,19.0,0.04091822070887975
FDS,2580,67.17222853600579,1396,1184,54.10852713178295,45.89147286821705,3.7429236138038,3.0,1.0,22.0,0.026151481432971684
FDX,2585,67.35111662531017,1388,1197,53.6943907156673,46.30560928433269,3.73297213622291,3.0,1.0,25.0,0.024984351837913442
FDXF,11,74.91891891891892,5,6,45.45454545454545,54.54545454545454,3.7,3.0,1.0,9.0,0.05705407319696476
FE,2641,68.77462023354346,1420,1221,53.76751230594472,46.23248769405528,3.6556818181818183,3.0,1.0,26.0,0.019088524704004326
FFIV,2554,66.48842975206612,1386,1168,54.26781519185592,45.73218480814409,3.781433607520564,3.0,1.0,21.0,0.040705599907594286
FICO,2482,64.66080843585237,1360,1122,54.794520547945204,45.20547945205479,3.8883514711809752,3.0,1.0,21.0,0.028905961911357674
FIS,2360,65.03225806451613,1253,1107,53.09322033898305,46.90677966101695,3.8660449342941923,3.0,1.0,26.0,0.022683844715539327
FISV,2535,65.99380165289256,1414,1121,55.77909270216963,44.22090729783037,3.8097868981846883,3.0,1.0,26.0,0.02303021382851677
FITB,2610,67.95330096084305,1331,1279,50.996168582375475,49.003831417624525,3.6998850134151016,3.0,1.0,21.0,0.02998833515914055
FIX,2520,65.63720930232559,1344,1176,53.333333333333336,46.666666666666664,3.830488289003573,3.0,1.0,22.0,0.03548336813861949
FLEX,2627,68.42418604651162,1379,1248,52.49333840883137,47.50666159116863,3.6744097486671743,3.0,1.0,23.0,0.03829336444251569
FOX,732,69.16535433070865,379,353,51.775956284153004,48.224043715846996,3.6388508891928866,3.0,1.0,20.0,0.025134906899956237
FOXA,721,67.99850299401197,376,345,52.1497919556172,47.8502080443828,3.701388888888889,3.0,1.0,20.0,0.025935438316382686
FRT,2711,70.59749922496641,1439,1272,53.08004426410918,46.91995573589082,3.5612546125461253,3.0,1.0,22.0,0.020559004422404725
FSLR,1879,66.07703042143454,962,917,51.19744544970729,48.80255455029271,3.8056443024494144,3.0,1.0,16.0,0.04614868575568711
FTNT,1574,65.3887240356083,897,677,56.98856416772554,43.01143583227446,3.8461538461538463,3.0,1.0,22.0,0.03219348236834623
FTV,982,67.74267725157405,525,457,53.462321792260695,46.537678207739305,3.7135575942915393,3.0,1.0,19.0,0.02066091297705026
GD,2612,68.04755505013956,1396,1216,53.44563552833078,46.55436447166922,3.694752968211413,3.0,1.0,20.0,0.01993088515057782
GDDY,1076,66.29633251833741,582,494,54.08921933085502,45.91078066914498,3.7944186046511628,3.0,1.0,25.0,0.0271812583533775
GE,2640,68.7414755114693,1357,1283,51.401515151515156,48.598484848484844,3.6574460022735886,3.0,1.0,21.0,0.024831872390166917
GEHC,332,65.05754276827372,173,159,52.108433734939766,47.89156626506024,3.876132930513595,3.0,1.0,17.0,0.026348802551566377
GEN,2427,63.18223140495867,1293,1134,53.27564894932016,46.72435105067985,3.9793899422918386,3.0,1.0,26.0,0.03097747490692213
GEV,227,69.17049576783556,145,82,63.87665198237885,36.12334801762114,3.650442477876106,3.0,1.0,18.0,0.04338398654317601
GILD,2625,68.35089894606324,1402,1223,53.409523809523805,46.59047619047619,3.6783536585365852,3.0,1.0,18.0,0.028477958901091727
GIS,2563,66.75031004547334,1349,1214,52.63363246195865,47.36636753804136,3.7665886026541764,3.0,1.0,21.0,0.01588640410134558
GL,2575,67.08363485991937,1411,1164,54.79611650485437,45.20388349514563,3.747863247863248,3.0,1.0,22.0,0.02065025773855769
GLW,2578,67.14790697674418,1342,1236,52.05585725368502,47.944142746314974,3.744276290259992,3.0,1.0,23.0,0.03560715698166922
GM,1579,69.83292383292383,798,781,50.53831538948702,49.46168461051298,3.6013941698352343,3.0,1.0,28.0,0.02766534521657156
GNRC,1551,65.31617647058825,834,717,53.77176015473888,46.22823984526112,3.850322580645161,3.0,1.0,33.0,0.035201757984266
GOOG,2241,70.68869695831768,1275,966,56.89424364123159,43.1057563587684,3.5566964285714286,3.0,1.0,17.0,0.023701247174995086
GOOGL,2244,70.78332707472775,1275,969,56.81818181818182,43.18181818181818,3.5519393669193047,3.0,1.0,17.0,0.023749858598268114
GPC,2616,68.10951544581053,1376,1240,52.59938837920489,47.40061162079511,3.691395793499044,3.0,1.0,22.0,0.019389637478643047
GPN,2448,66.32577142242769,1326,1122,54.166666666666664,45.83333333333333,3.7907642010625255,3.0,1.0,26.0,0.026112442000154248
GRMN,2348,63.364317841079455,1284,1064,54.68483816013629,45.31516183986371,3.968044311887516,3.0,1.0,27.0,0.029846818783672475
GS,2714,70.69753979739508,1444,1270,53.20560058953574,46.79439941046426,3.556210836712127,3.0,1.0,19.0,0.026353820968667535
GWW,2590,67.44652268264959,1379,1211,53.24324324324324,46.75675675675676,3.727694090382387,3.0,1.0,19.0,0.022306852051362267
HAL,2741,71.37135771853688,1414,1327,51.58701203940168,48.41298796059832,3.5226277372262773,3.0,1.0,19.0,0.035179659022391715
HAS,2492,64.8810827564831,1278,1214,51.28410914927769,48.71589085072231,3.8751505419510237,3.0,1.0,21.0,0.025454484814813882
HBAN,2620,68.22070675759454,1344,1276,51.29770992366412,48.70229007633588,3.685376097747232,3.0,1.0,24.0,0.02987662063731477
HCA,1489,67.0768680729353,813,676,54.60040295500336,45.39959704499664,3.7493279569892475,3.0,1.0,28.0,0.026032666594617226
HD,2645,68.86455212315322,1387,1258,52.43856332703214,47.561436672967865,3.6509077155824508,3.0,1.0,22.0,0.0227175227370179
HIG,2641,68.80306006409593,1416,1225,53.616054524801214,46.38394547519879,3.654166666666667,3.0,1.0,21.0,0.02891357075946016
HII,1460,65.87645478961504,802,658,54.93150684931507,45.06849315068493,3.8176833447566825,3.0,1.0,22.0,0.0229429393433721
HLT,1298,71.32490187527257,695,603,53.54391371340523,46.45608628659476,3.5265998457979952,3.0,1.0,17.0,0.021956096961792813
HON,2646,68.89770613763174,1396,1250,52.758881330309904,47.241118669690096,3.6491493383742912,3.0,1.0,24.0,0.022206522170129354
HONA,4,72.0,1,3,25.0,75.0,4.666666666666667,6.0,2.0,6.0,0.12765607677506766
HOOD,465,65.31772575250837,245,220,52.68817204301075,47.31182795698925,3.855603448275862,3.0,1.0,22.0,0.06015815800598084
HPE,1033,66.54294478527608,554,479,53.63020329138431,46.36979670861569,3.7800387596899223,3.0,1.0,23.0,0.029020026236400057
HPQ,2568,66.85289256198347,1340,1228,52.18068535825545,47.81931464174455,3.760810284378652,3.0,1.0,22.0,0.029415879363834354
HRL,2516,65.51270923744575,1333,1183,52.98092209856916,47.01907790143085,3.8377733598409542,3.0,1.0,24.0,0.018097562810952022
HSIC,2595,67.55578512396694,1389,1206,53.52601156069364,46.47398843930636,3.7216653816499616,3.0,1.0,20.0,0.02260341886635034
HST,2675,69.6456245479905,1399,1276,52.29906542056075,47.700934579439256,3.6099476439790577,3.0,1.0,20.0,0.028070691059109986
HSY,2571,66.9379068085546,1363,1208,53.014391287436794,46.985608712563206,3.7560311284046692,3.0,1.0,26.0,0.017607469344322314
HUBB,2667,69.43733856803388,1407,1260,52.75590551181102,47.24409448818898,3.6207801950487624,3.0,1.0,23.0,0.022875486246418466
HUM,2494,64.9801488833747,1376,1118,55.172413793103445,44.827586206896555,3.8692338547934217,3.0,1.0,21.0,0.0307680760032734
HWM,922,65.83848115613488,527,395,57.1583514099783,42.84164859002169,3.821932681867535,3.0,1.0,21.0,0.031040654129432223
IBKR,1924,69.264,1034,890,53.74220374220374,46.25779625779626,3.6302652106084246,3.0,1.0,22.0,0.02673440522743226
IBM,2563,66.73651580905145,1356,1207,52.90674990245806,47.09325009754195,3.767369242779079,3.0,1.0,23.0,0.02051189264753983
ICE,2051,68.6846511627907,1102,949,53.72988785958069,46.27011214041931,3.6609756097560977,3.0,1.0,24.0,0.025909419562086155
IDXX,2573,66.98997830354377,1414,1159,54.955305091333074,45.044694908666926,3.7531104199066876,3.0,1.0,25.0,0.025473640031342063
IEX,2634,68.60651162790698,1413,1221,53.64464692482915,46.35535307517084,3.664641093809343,3.0,1.0,23.0,0.021849864007393735
IFF,2493,64.90041322314049,1305,1188,52.34657039711191,47.65342960288809,3.873996789727127,3.0,1.0,23.0,0.021601724707546417
INCY,2591,67.45862175844611,1308,1283,50.4824392126592,49.5175607873408,3.727027027027027,3.0,1.0,24.0,0.04581750518619428
INTC,2673,69.59355305300134,1401,1272,52.41301907968574,47.586980920314254,3.6126497005988023,3.0,1.0,20.0,0.029660661389820025
INTU,2605,67.86519177090871,1412,1193,54.203454894433776,45.79654510556622,3.7046850998463903,3.0,1.0,19.0,0.02807063328563298
INVH,980,71.85336048879836,503,477,51.3265306122449,48.673469387755105,3.501532175689479,3.0,1.0,20.0,0.019081487320655392
IP,2677,69.69769604297964,1343,1334,50.168098617855804,49.83190138214419,3.6072496263079223,3.0,1.0,22.0,0.026904582446866127
IQV,1274,66.92682926829268,670,604,52.590266875981165,47.409733124018835,3.758051846032993,3.0,1.0,21.0,0.02345500322668698
IR,912,68.80958083832336,479,433,52.52192982456141,47.478070175438596,3.6564215148188803,3.0,1.0,19.0,0.027981016481472408
IRM,2547,66.30619834710744,1351,1196,53.0427954456223,46.957204554377704,3.7918303220738414,3.0,1.0,25.0,0.02440097992867072
ISRG,2414,63.94029850746269,1304,1110,54.01822700911351,45.98177299088649,3.932034811438044,3.0,1.0,22.0,0.03500618780480287
IT,2546,66.31441860465117,1374,1172,53.967007069913585,46.03299293008641,3.7913555992141452,3.0,1.0,24.0,0.028474475898475234
ITW,2664,69.35923132555017,1411,1253,52.96546546546546,47.03453453453454,3.62485918137439,3.0,1.0,19.0,0.020028099389114495
IVZ,2706,70.44545454545454,1383,1323,51.108647450110865,48.891352549889135,3.5689463955637706,3.0,1.0,22.0,0.03315546683440206
J,2598,67.63388429752067,1407,1191,54.15704387990762,45.842956120092374,3.717366191759723,3.0,1.0,22.0,0.026840695300714583
JBHT,2643,68.82670249044125,1387,1256,52.47824441922059,47.52175558077942,3.652914458743376,3.0,1.0,26.0,0.02705107655869333
JBL,2545,66.26782393056416,1340,1205,52.652259332023576,47.347740667976424,3.7940251572327046,3.0,1.0,19.0,0.03759737950117361
JCI,2540,66.20604054613156,1369,1171,53.897637795275585,46.102362204724415,3.797558093737692,3.0,1.0,34.0,0.026960081155694014
JKHY,2643,68.84093023255814,1437,1206,54.37003405221339,45.6299659477866,3.6521574564723696,3.0,1.0,23.0,0.02242757546578257
JNJ,2603,67.77105072838103,1408,1195,54.09143296196696,45.90856703803304,3.709838585703305,3.0,1.0,20.0,0.014683442664731918
JPM,2634,68.58524488530688,1400,1234,53.15110098709187,46.84889901290813,3.6657804785415875,3.0,1.0,21.0,0.025662645579678643
KDP,1652,62.78148092293771,889,763,53.813559322033896,46.186440677966104,4.0054512416717145,3.0,1.0,85.0,0.020221419152174656
KEY,2601,67.72597644141351,1339,1262,51.4801999231065,48.5198000768935,3.712307692307692,3.0,1.0,20.0,0.030256067256919286
KEYS,1161,68.40589198036005,653,508,56.24461670973299,43.75538329026701,3.6767241379310347,3.0,1.0,20.0,0.024180155841181765
KHC,1063,66.68558625840178,500,563,47.03668861712135,52.96331138287864,3.7721280602636535,3.0,1.0,20.0,0.020414723739172556
KIM,2767,72.03347107438017,1454,1313,52.54788579689193,47.45211420310806,3.490238611713666,3.0,1.0,21.0,0.02435129876251534
KKR,1611,69.63499142367067,860,751,53.382991930477964,46.617008069522036,3.6111801242236026,3.0,1.0,22.0,0.028558323659759202
KLAC,2702,70.35585864848109,1482,1220,54.84826054774241,45.15173945225759,3.5734912995186967,3.0,1.0,24.0,0.034679963275194556
KMB,2566,66.80772807108173,1349,1217,52.57209664848013,47.42790335151987,3.7633528265107214,3.0,1.0,21.0,0.015784951730753678
KMI,1556,69.78323545114789,773,783,49.67866323907455,50.32133676092545,3.6038585209003213,3.0,1.0,16.0,0.02162570431583798
KO,2648,68.93553719008264,1394,1254,52.64350453172205,47.35649546827795,3.647147714393653,3.0,1.0,19.0,0.015677749359992436
KR,2533,65.94854840376071,1339,1194,52.86221871298855,47.13778128701145,3.8124012638230647,3.0,1.0,24.0,0.022742890993342212
KVUE,300,65.34140017286084,137,163,45.666666666666664,54.333333333333336,3.859531772575251,3.0,1.0,17.0,0.021895025564037864
L,2676,69.66446280991735,1452,1224,54.26008968609865,45.73991031390135,3.6089719626168226,3.0,1.0,27.0,0.019545572863758312
LDOS,1791,62.7111296373489,947,844,52.875488553880515,47.124511446119485,4.0094972067039105,3.0,1.0,30.0,0.022548584317629745
LEN,2747,71.52758834469931,1407,1340,51.21951219512195,48.78048780487805,3.5149308084486526,3.0,1.0,20.0,0.034975451258340735
LH,2520,65.60330578512398,1385,1135,54.96031746031746,45.03968253968254,3.832473203652243,3.0,1.0,19.0,0.02209105998779922
LHX,2554,66.52966714905934,1370,1184,53.64134690681285,46.35865309318716,3.7790834312573445,3.0,1.0,22.0,0.024647622980812314
LII,2638,68.67520661157025,1417,1221,53.71493555724033,46.28506444275967,3.6609783845278727,3.0,1.0,21.0,0.02675086671435865
LIN,2638,68.67520661157025,1423,1215,53.942380591357086,46.057619408642914,3.6609783845278727,3.0,1.0,22.0,0.020039200501574442
LITE,1053,66.35558889722431,576,477,54.700854700854705,45.2991452991453,3.790874524714829,3.0,1.0,30.0,0.04470479004749859
LLY,2597,67.62182269063857,1379,1218,53.09973045822103,46.900269541778975,3.7180277349768875,3.0,1.0,22.0,0.021759725003040874
LMT,2618,68.15454545454546,1450,1168,55.38579067990833,44.614209320091675,3.688956820787161,3.0,1.0,22.0,0.019136764678118007
LNT,2711,70.61939218523878,1464,1247,54.002213205459235,45.997786794540765,3.560147601476015,3.0,1.0,20.0,0.016995353563210292
LOW,2625,68.3650268706077,1378,1247,52.49523809523809,47.50476190476191,3.6775914634146343,3.0,1.0,22.0,0.025584427997763344
LRCX,2731,71.12567176519222,1488,1243,54.48553643354083,45.51446356645917,3.5347985347985347,3.0,1.0,18.0,0.03867717650448812
LULU,1752,63.83805668016195,925,827,52.79680365296804,47.20319634703196,3.9388920616790406,4.0,1.0,21.0,0.03938742215884725
LUV,2659,69.25767441860465,1387,1272,52.162467092892065,47.837532907107935,3.630173062452972,3.0,1.0,22.0,0.02830584692910089
LVS,2181,69.86297190796999,1105,1076,50.664832645575416,49.33516735442458,3.5990825688073396,3.0,1.0,18.0,0.03921516329115404
LYB,1658,70.69644670050762,852,806,51.38721351025332,48.61278648974668,3.557030778515389,3.0,1.0,20.0,0.027796033698445004
LYV,2061,69.28655282817502,1093,968,53.032508491023776,46.967491508976224,3.629126213592233,3.0,1.0,20.0,0.03396053025172057
MA,1969,67.58213020975211,1120,849,56.8816658202133,43.11833417978669,3.720528455284553,3.0,1.0,20.0,0.024091770534628458
MAA,2677,69.69769604297964,1455,1222,54.35188644004483,45.64811355995517,3.6072496263079223,3.0,1.0,25.0,0.019706944526365067
MAR,2678,69.71652892561983,1433,1245,53.51008215085885,46.48991784914115,3.6062756817332837,3.0,1.0,18.0,0.025741285809585193
MAS,2611,67.97231404958679,1348,1263,51.62772883952509,48.37227116047491,3.698850574712644,3.0,1.0,22.0,0.0289411273287121
MCD,2677,69.69769604297964,1424,1253,53.19387373926037,46.80612626073963,3.6072496263079223,3.0,1.0,19.0,0.01717933585712403
MCHP,2663,69.3331955780556,1404,1259,52.722493428464134,47.27750657153586,3.626220886551465,3.0,1.0,16.0,0.032697105984936733
MCK,2571,66.94482331060136,1396,1175,54.29793854531311,45.70206145468689,3.7556420233463035,3.0,1.0,25.0,0.023341690472182954
MCO,2597,67.64279069767443,1463,1134,56.334231805929925,43.66576819407008,3.7168721109399074,3.0,1.0,22.0,0.024666174204314474
MDLZ,2446,67.35052447552447,1275,1171,52.12591986917416,47.87408013082584,3.732924335378323,3.0,1.0,49.0,0.01698049037818248
MDT,2626,68.36280991735538,1352,1274,51.48514851485149,48.51485148514851,3.677714285714286,3.0,1.0,18.0,0.01982690451307114
MET,2600,68.37107377647918,1390,1210,53.46153846153846,46.53846153846154,3.6771835321277413,3.0,1.0,21.0,0.026744412476181863
META,1344,65.64993215739484,765,579,56.91964285714286,43.080357142857146,3.830975428145942,3.0,1.0,19.0,0.031034576187551993
MGM,2652,69.04680235561524,1369,1283,51.62141779788839,48.378582202111616,3.641267446246699,3.0,1.0,22.0,0.03824630275069853
MKC,2614,68.05744395082137,1394,1220,53.328232593726085,46.671767406273915,3.6942212016838885,3.0,1.0,28.0,0.017586320746988186
MLM,2679,69.74256198347108,1399,1280,52.22097797685704,47.779022023142964,3.604929051530993,3.0,1.0,25.0,0.02662594867306933
MMM,2565,66.78169232358715,1356,1209,52.865497076023395,47.134502923976605,3.764820592823713,3.0,1.0,25.0,0.01955275180864326
MNST,2472,64.38697674418606,1335,1137,54.004854368932044,45.99514563106796,3.9048968029138003,3.0,1.0,27.0,0.03143252255149091
MO,2515,65.52729528535981,1389,1126,55.22862823061631,44.7713717693837,3.8369132856006365,3.0,1.0,49.0,0.019675325869434764
MOS,2643,68.80537190082646,1333,1310,50.43511161558835,49.56488838441165,3.6540499621498865,3.0,1.0,19.0,0.03646418007088001
MPC,1545,70.91803278688523,849,696,54.95145631067962,45.04854368932038,3.5459844559585494,3.0,1.0,24.0,0.030954897372377586
MPWR,2187,69.78903381030771,1184,1003,54.13808870598994,45.86191129401006,3.602927721866423,3.0,1.0,22.0,0.036586349230495016
MRK,2567,66.82685950413223,1330,1237,51.81145305804441,48.18854694195559,3.7622759158222916,3.0,1.0,21.0,0.02075464947490521
MRNA,776,70.7240506329114,378,398,48.71134020618557,51.28865979381443,3.5587096774193547,3.0,1.0,21.0,0.05897109139234164
MRSH,2618,68.16862988220707,1400,1218,53.475935828877006,46.524064171122994,3.688192586931601,3.0,1.0,21.0,0.019218464781610604
MRVL,2645,70.16949152542374,1369,1276,51.758034026465026,48.241965973534974,3.5828290468986386,3.0,1.0,19.0,0.04230238238338634
MS,2686,69.96816208393633,1393,1293,51.86150409530901,48.13849590469099,3.593296089385475,3.0,1.0,24.0,0.03162272643808518
MSCI,1810,67.09620476610768,1000,810,55.24861878453039,44.751381215469614,3.747927031509121,3.0,1.0,21.0,0.026404840769333405
MSFT,2638,68.67520661157025,1425,1213,54.018195602729335,45.98180439727066,3.6609783845278727,3.0,1.0,27.0,0.02244459444727913
MSI,2607,67.86818181818182,1381,1226,52.97276563099348,47.02723436900652,3.704528012279355,3.0,1.0,21.0,0.027607080846030856
MTB,2598,67.6478611283323,1351,1247,52.001539645881444,47.998460354118556,3.7165960723912206,3.0,1.0,24.0,0.023425962016817535
MTD,2664,69.36639801611904,1468,1196,55.1051051051051,44.8948948948949,3.6244836650394294,3.0,1.0,19.0,0.023201794400373926
MU,2751,71.67617866004963,1426,1325,51.83569611050527,48.16430388949473,3.5076363636363634,3.0,1.0,19.0,0.04451433675627119
NCLH,1328,68.1025641025641,680,648,51.204819277108435,48.795180722891565,3.693293142426526,3.0,1.0,28.0,0.04007341358509597
NDAQ,2376,68.2961104140527,1290,1086,54.292929292929294,45.707070707070706,3.681263157894737,3.0,1.0,22.0,0.02727453481797251
NDSN,2584,67.28332300061996,1386,1198,53.637770897832816,46.362229102167184,3.7367402245451027,3.0,1.0,19.0,0.026864973973096378
NEE,2652,69.0396694214876,1458,1194,54.97737556561086,45.022624434389144,3.6416446623915504,3.0,1.0,27.0,0.018285630072607945
NEM,2706,70.46001239925604,1376,1330,50.849963045085,49.150036954915,3.568207024029575,3.0,1.0,19.0,0.0310033881851482
NFLX,2209,63.22180579216354,1228,981,55.59076505205975,44.40923494794025,3.9769021739130435,3.0,1.0,26.0,0.04340358925397404
NI,2704,70.39338842975206,1478,1226,54.65976331360947,45.34023668639053,3.571587125416204,3.0,1.0,21.0,0.018469771263159577
NKE,2535,66.00743955362678,1333,1202,52.58382642998028,47.41617357001972,3.8089976322020522,3.0,1.0,20.0,0.02407593827799602
NOC,2610,67.97436957420422,1444,1166,55.32567049808429,44.67432950191571,3.698735147566117,3.0,1.0,21.0,0.019779735362224375
NOW,1397,68.86619718309859,774,623,55.40443808160344,44.59556191839656,3.651862464183381,3.0,1.0,15.0,0.03300910583255115
NRG,2277,69.60262008733625,1197,1080,52.569169960474305,47.43083003952569,3.6124780316344465,3.0,1.0,21.0,0.02936335293784033
NSC,2620,68.25597022640339,1374,1246,52.44274809160305,47.55725190839695,3.683466972126766,3.0,1.0,18.0,0.025249557143042556
NTAP,2605,67.81611570247934,1371,1234,52.629558541266796,47.370441458733204,3.707373271889401,3.0,1.0,25.0,0.03906406154783645
NTRS,2599,67.68089283868969,1348,1251,51.86610234705656,48.13389765294344,3.7147806004618937,3.0,1.0,22.0,0.02495232584569707
NUE,2736,71.24116553006819,1421,1315,51.937134502923975,48.062865497076025,3.5290676416819013,3.0,1.0,19.0,0.030245065408828955
NVDA,2689,70.01012501291456,1485,1204,55.22499070286352,44.77500929713648,3.5911458333333335,3.0,1.0,20.0,0.043971510461601186
NVR,2683,69.85391052794711,1451,1232,54.08125232948192,45.91874767051808,3.599179716629381,3.0,1.0,20.0,0.026998711730620975
NWS,1262,66.78370432591348,637,625,50.47543581616482,49.52456418383518,3.7660586835844567,3.0,1.0,18.0,0.022453409392692927
NWSA,1259,66.61095947931976,640,619,50.833995234312944,49.166004765687056,3.7758346581875992,3.0,1.0,18.0,0.022450984554254046
NXPI,1533,66.46868547832071,819,714,53.42465753424658,46.57534246575342,3.783289817232376,3.0,1.0,27.0,0.03372202893938276
O,2644,68.83851637565864,1421,1223,53.744326777609686,46.25567322239032,3.6522890654559212,3.0,1.0,21.0,0.01955806947057845
ODFL,2651,69.04216618437371,1436,1215,54.16823840060354,45.83176159939645,3.641509433962264,3.0,1.0,32.0,0.03129567223761373
OKE,2667,69.43733856803388,1437,1230,53.88076490438694,46.11923509561305,3.6207801950487624,3.0,1.0,21.0,0.02525505723941637
OMC,2647,68.95224312590449,1356,1291,51.22780506233472,48.77219493766528,3.6462585034013606,3.0,1.0,19.0,0.02233377743961829
ON,2626,69.21368057734547,1330,1296,50.64737242955065,49.35262757044935,3.6323809523809523,3.0,1.0,22.0,0.046201439798210904
ORCL,2535,66.04155897860024,1343,1192,52.97830374753452,47.02169625246548,3.8070244672454616,3.0,1.0,26.0,0.028621264181884987
ORLY,2568,66.86670799752015,1394,1174,54.28348909657321,45.716510903426794,3.7600311647837943,3.0,1.0,24.0,0.02412957057068219
OTIS,609,66.84146341463415,322,287,52.87356321839081,47.12643678160919,3.7664473684210527,3.0,1.0,21.0,0.020604280796650633
OXY,2764,71.97024178549287,1434,1330,51.881331403762665,48.118668596237335,3.493304379297865,3.0,1.0,18.0,0.02866858218179765
PANW,1304,64.48351648351648,717,587,54.984662576687114,45.015337423312886,3.90023023791251,3.0,1.0,18.0,0.032386816619007865
PAYX,2655,69.12490959809898,1408,1247,53.03201506591337,46.96798493408663,3.63715146948003,3.0,1.0,33.0,0.021246861006523576
PCAR,2660,69.25508833557186,1414,1246,53.1578947368421,46.8421052631579,3.6303121474238433,3.0,1.0,20.0,0.025660600845784306
PCG,2536,66.02665564624445,1345,1191,53.03627760252366,46.963722397476346,3.8078895463510847,3.0,1.0,30.0,0.026433540026919417
PEG,2725,70.94008264462809,1452,1273,53.28440366972477,46.715596330275226,3.5440528634361232,3.0,1.0,21.0,0.01874750610940747
PEP,2644,68.83851637565864,1398,1246,52.874432677760964,47.12556732223903,3.6522890654559212,3.0,1.0,21.0,0.014899611463655347
PFE,2612,68.00537245583222,1309,1303,50.11485451761103,49.88514548238898,3.6970509383378016,3.0,1.0,23.0,0.020186767662257854
PFG,2464,68.85429141716567,1336,1128,54.22077922077923,45.77922077922078,3.651644336175396,3.0,1.0,20.0,0.02741598983453783
PG,2626,68.36987292075628,1400,1226,53.313023610053314,46.686976389946686,3.6773333333333333,3.0,1.0,27.0,0.01517307723627798
PGR,2614,68.10669975186104,1393,1221,53.289977046671765,46.710022953328235,3.691542288557214,3.0,1.0,18.0,0.021017581141044937
PH,2618,68.16862988220707,1416,1202,54.08708938120703,45.91291061879297,3.688192586931601,3.0,1.0,28.0,0.025572257205203314
PHM,2720,70.83918974782968,1422,1298,52.279411764705884,47.72058823529412,3.5490989334314085,3.0,1.0,18.0,0.03544959663341926
PKG,2618,68.35934100093255,1377,1241,52.5974025974026,47.4025974025974,3.677875429881544,3.0,1.0,19.0,0.024177147038013897
PLD,2709,70.54541696806861,1491,1218,55.03875968992248,44.96124031007752,3.563884785819793,3.0,1.0,20.0,0.023123476466279044
PLTR,552,66.20847215611613,296,256,53.62318840579711,46.3768115942029,3.8021778584392014,3.0,1.0,20.0,0.05845161128535346
PM,1829,68.98787606645712,988,841,54.01858939311099,45.981410606889014,3.644967177242888,3.0,1.0,21.0,0.01857576561699105
PNC,2639,68.71543707377558,1398,1241,52.97461159530125,47.025388404698745,3.6588324488248674,3.0,1.0,30.0,0.024823550180169213
PNR,2612,68.00537245583222,1374,1238,52.603369065849925,47.396630934150075,3.6970509383378016,3.0,1.0,21.0,0.025599485884878904
PNW,2726,70.96611570247934,1458,1268,53.48495964783566,46.51504035216434,3.5427522935779816,3.0,1.0,24.0,0.017503693718587728
PODD,1848,66.66132264529058,968,880,52.38095238095239,47.61904761904761,3.7720628045479154,3.0,1.0,19.0,0.03727466558426377
PPG,2657,69.1698347107438,1378,1279,51.86300338727888,48.13699661272111,3.634789156626506,3.0,1.0,20.0,0.021964884250980952
PPL,2731,71.13302325581395,1441,1290,52.76455510801904,47.23544489198096,3.5344322344322343,3.0,1.0,22.0,0.018794798817176772
PRU,2436,68.47428890128276,1307,1129,53.65353037766831,46.346469622331696,3.6718685831622175,3.0,1.0,23.0,0.027119185403775357
PSA,2749,71.56487603305784,1494,1255,54.347035285558384,45.652964714441616,3.513100436681223,3.0,1.0,21.0,0.0198277566456165
PSKY,2077,69.67571884984027,1033,1044,49.73519499277805,50.26480500722196,3.6088631984585744,3.0,1.0,20.0,0.032948167401861655
PSX,1459,70.75981524249421,769,690,52.707333790267306,47.292666209732694,3.5541838134430725,3.0,1.0,18.0,0.02639986560912891
PTC,2596,67.67270094134685,1370,1226,52.773497688751924,47.226502311248076,3.7152215799614643,3.0,1.0,26.0,0.03444149794278299
PWR,2588,67.42928039702234,1388,1200,53.63214837712519,46.36785162287481,3.728643216080402,3.0,1.0,25.0,0.03609583330924649
PYPL,1048,65.84293193717278,569,479,54.293893129770986,45.70610687022901,3.8204393505253105,3.0,1.0,17.0,0.030497347831595766
Q,68,69.94285714285714,39,29,57.35294117647059,42.64705882352941,3.6417910447761193,3.0,1.0,14.0,0.04585381517084634
QCOM,2545,66.26782393056416,1341,1204,52.691552062868375,47.30844793713163,3.7940251572327046,3.0,1.0,20.0,0.03240057664999974
RCL,2637,68.66336019838809,1382,1255,52.40803943875616,47.59196056124384,3.661608497723824,3.0,1.0,21.0,0.038505842205063756
REG,2699,70.27048248786032,1431,1268,53.0196369025565,46.980363097443494,3.577835433654559,3.0,1.0,27.0,0.02156998566766572
REGN,2559,66.6323620582765,1314,1245,51.34818288393904,48.65181711606096,3.773260359655981,3.0,1.0,28.0,0.04137167824084458
RF,2662,69.33581395348838,1373,1289,51.577761081893314,48.422238918106686,3.6260804208944006,3.0,1.0,21.0,0.030594359947895333
RJF,2727,71.04352320893207,1460,1267,53.53868720205354,46.46131279794646,3.5388848129126926,3.0,1.0,19.0,0.027897561953242497
RL,2564,66.7625542467452,1339,1225,52.223088923556936,47.77691107644306,3.7658993367147873,3.0,1.0,24.0,0.031015204157099407
RMD,2476,64.4645107965699,1335,1141,53.917609046849755,46.082390953150245,3.9002020202020202,3.0,1.0,22.0,0.02638738039859899
ROK,2555,66.52133484864139,1373,1182,53.737769080234834,46.262230919765166,3.77956147220047,3.0,1.0,31.0,0.027723230301398737
ROL,2565,66.78169232358715,1425,1140,55.55555555555556,44.44444444444444,3.764820592823713,3.0,1.0,29.0,0.022095928394743523
ROP,2657,69.23420535621963,1437,1220,54.08355287918706,45.91644712081295,3.6314006024096384,3.0,1.0,20.0,0.021818153197832917
ROST,2607,67.86818181818182,1411,1196,54.12351361718451,45.87648638281549,3.704528012279355,3.0,1.0,18.0,0.025757643032487024
RSG,2641,68.84576393917452,1471,1170,55.69859901552442,44.30140098447558,3.6518939393939394,3.0,1.0,21.0,0.018238137809419963
RTX,2607,67.87519371835934,1402,1205,53.77828922132719,46.2217107786728,3.7041442824251725,3.0,1.0,27.0,0.02092335627468523
RVTY,2666,69.44,1403,1263,52.62565641410353,47.37434358589647,3.620637898686679,3.0,1.0,17.0,0.027951817086002292
SBAC,2644,68.88121575519487,1391,1253,52.609682299546144,47.39031770045386,3.65001891789633,3.0,1.0,26.0,0.03583793570400537
SBUX,2596,67.58181818181818,1373,1223,52.889060092449924,47.110939907550076,3.7202312138728324,3.0,1.0,20.0,0.025027315339599197
SCHW,2653,69.08711377493026,1374,1279,51.790425932906146,48.20957406709386,3.6391402714932126,3.0,1.0,20.0,0.031046444010074913
SHW,2568,66.88744186046512,1397,1171,54.40031152647975,45.59968847352025,3.7588624853915076,3.0,1.0,21.0,0.0218877396035413
SJM,2497,65.011261493956,1305,1192,52.262715258309974,47.737284741690026,3.8673878205128207,3.0,1.0,21.0,0.019327551258068964
SLB,2773,72.19712780245894,1394,1379,50.270465200144244,49.72953479985575,3.4823232323232323,3.0,1.0,16.0,0.029586064916382864
SMCI,1758,62.95523660650846,935,823,53.185437997724684,46.81456200227531,3.9943084803642575,3.0,1.0,21.0,0.047569396707146
SNA,2538,66.07190082644628,1344,1194,52.95508274231678,47.04491725768322,3.8052818289318093,3.0,1.0,20.0,0.022944333845655696
SNDK,142,71.0,98,44,69.01408450704226,30.985915492957744,3.5673758865248226,3.0,1.0,13.0,0.08098125965460369
SNPS,2606,67.8912436679417,1417,1189,54.37452033768228,45.62547966231773,3.7032629558541266,3.0,1.0,26.0,0.026823977082861022
SO,2652,69.0396694214876,1412,1240,53.242835595776775,46.757164404223225,3.6416446623915504,3.0,1.0,20.0,0.015425046868354006
SOLV,224,68.33898305084746,111,113,49.55357142857143,50.44642857142857,3.695067264573991,3.0,1.0,15.0,0.02767493539397591
SPG,2674,69.61239669421487,1456,1218,54.45026178010471,45.54973821989529,3.611672278338945,3.0,1.0,23.0,0.023342404833044176
SPGI,2614,68.05744395082137,1437,1177,54.973221117061975,45.026778882938025,3.6942212016838885,3.0,1.0,32.0,0.022538723324098942
SRE,2612,68.00537245583222,1423,1189,54.479326186830015,45.520673813169985,3.6970509383378016,3.0,1.0,33.0,0.0189607587731757
STE,2556,66.57488372093023,1355,1201,53.01251956181534,46.98748043818466,3.7765166340508807,3.0,1.0,19.0,0.024002892812287575
STLD,2725,70.95474271543708,1449,1276,53.1743119266055,46.825688073394495,3.543318649045521,3.0,1.0,21.0,0.03639032104215187
STT,2601,67.73297509558748,1373,1228,52.78738946559016,47.21261053440984,3.711923076923077,3.0,1.0,21.0,0.028039706296931664
STX,2346,68.7112970711297,1265,1081,53.92156862745098,46.07843137254902,3.659275053304904,3.0,1.0,18.0,0.036528238019070305
STZ,2529,65.85120892746436,1371,1158,54.2111506524318,45.78884934756821,3.8180379746835444,3.0,1.0,21.0,0.023788392827605212
SW,619,24.009235031553025,334,285,53.95799676898223,46.04200323101777,10.488673139158577,4.0,1.0,761.0,0.03667688533636686
SWK,2635,68.60419464820747,1361,1274,51.65085388994307,48.34914611005693,3.664768413059985,3.0,1.0,23.0,0.026159424751074536
SWKS,2596,67.58880049591899,1335,1261,51.42526964560863,48.57473035439137,3.719845857418112,3.0,1.0,25.0,0.043922678174506354
SYF,1153,66.71779563719862,609,544,52.818733738074584,47.181266261925416,3.7699652777777777,3.0,1.0,21.0,0.028584984249355006
SYK,2594,67.57862090354595,1411,1183,54.39475713184272,45.60524286815728,3.7204010798303124,3.0,1.0,22.0,0.020955300839505274
SYY,2524,65.71422667630954,1303,1221,51.62440570522979,48.37559429477021,3.8260007927070947,3.0,1.0,21.0,0.019989338062013664
T,2631,68.50712957222567,1346,1285,51.15925503610794,48.84074496389206,3.6699619771863117,3.0,1.0,20.0,0.02008689179841474
TAP,2503,65.17420954742715,1261,1242,50.37954454654414,49.620455453455854,3.8577138289368507,3.0,1.0,26.0,0.022481293908526684
TDG,1958,66.55192878338279,1109,849,56.63942798774259,43.36057201225741,3.7782319877363313,3.0,1.0,21.0,0.02532838728460373
TDY,2612,68.00537245583222,1425,1187,54.55589586523737,45.44410413476264,3.6970509383378016,3.0,1.0,21.0,0.027450467723472073
TECH,2627,68.48081100651702,1376,1251,52.37913970308337,47.62086029691663,3.6713632901751714,3.0,1.0,22.0,0.027156953146202742
TEL,1920,69.59723820483313,1019,901,53.07291666666667,46.927083333333336,3.6128191766545075,3.0,1.0,20.0,0.024239834268196026
TER,2673,69.59355305300134,1388,1285,51.92667414889637,48.073325851103625,3.6126497005988023,3.0,1.0,23.0,0.039435496196067996
TFC,2677,69.69769604297964,1378,1299,51.47553231228987,48.52446768771012,3.6072496263079223,3.0,1.0,22.0,0.02436359192272038
TGT,2560,66.64462809917356,1322,1238,51.64062499999999,48.359375,3.7725674091441967,3.0,1.0,21.0,0.025739030657980326
TJX,2683,69.85391052794711,1441,1242,53.70853522176668,46.29146477823332,3.599179716629381,3.0,1.0,20.0,0.022360915506538483
TKO,2481,64.5880165289256,1294,1187,52.15638855300282,47.84361144699718,3.892741935483871,3.0,1.0,31.0,0.030978791534564877
TMO,2649,69.01147524035976,1437,1212,54.24688561721405,45.75311438278596,3.6431268882175227,3.0,1.0,26.0,0.022733299531662504
TMUS,1806,64.88622754491017,961,845,53.21151716500554,46.78848283499446,3.8753462603878117,3.0,1.0,23.0,0.03002748575532182
TPL,2585,67.29545454545455,1388,1197,53.6943907156673,46.30560928433269,3.736068111455108,3.0,1.0,20.0,0.030632360085564154
TPR,2482,66.51749441667553,1299,1183,52.33682514101531,47.66317485898469,3.7795243853284965,3.0,1.0,20.0,0.034860624100004366
TRGP,1583,70.16992084432718,890,693,56.222362602653185,43.77763739734681,3.584070796460177,3.0,1.0,20.0,0.032489917372092385
TRMB,2541,66.19787036079809,1325,1216,52.144824872097594,47.8551751279024,3.798031496062992,3.0,1.0,29.0,0.03438308986765685
TROW,2638,68.68230189069118,1394,1244,52.84306292645944,47.15693707354056,3.6605991657186197,3.0,1.0,22.0,0.026500320791809626
TRV,2572,66.96394255604918,1374,1198,53.421461897356146,46.578538102643854,3.754570206145469,3.0,1.0,23.0,0.020301849431076862
TSCO,2599,67.67389956602604,1394,1205,53.63601385148134,46.36398614851866,3.7151655119322555,3.0,1.0,27.0,0.02890367611073117
TSLA,1603,69.05230769230769,868,735,54.14847161572053,45.851528384279476,3.6416978776529336,3.0,1.0,18.0,0.04675365961664079
TSN,2561,66.6706611570248,1335,1226,52.128074970714565,47.871925029285435,3.77109375,3.0,1.0,26.0,0.026232407570016488
TT,2654,69.10601363918165,1444,1210,54.40844009042954,45.591559909570464,3.6381454956652846,3.0,1.0,19.0,0.025815612591895274
TTD,881,62.27545582047686,467,414,53.00794551645856,46.99205448354143,4.0397727272727275,3.0,1.0,27.0,0.05341197932286192
TTWO,2559,66.61859504132232,1333,1226,52.09066041422431,47.9093395857757,3.7740422204847537,3.0,1.0,34.0,0.03656159898915277
TXN,2726,70.96611570247934,1451,1275,53.228173147468816,46.77182685253118,3.5427522935779816,3.0,1.0,26.0,0.02878377546706223
TXT,2571,66.9379068085546,1333,1238,51.84753014391288,48.15246985608713,3.7560311284046692,3.0,1.0,19.0,0.02905011597736267
TYL,2544,66.22809917355372,1385,1159,54.441823899371066,45.558176100628934,3.7963035784506487,3.0,1.0,28.0,0.030101107311469793
UAL,2024,68.44444444444444,1036,988,51.18577075098815,48.81422924901186,3.6737518536826497,3.0,1.0,26.0,0.04596350260470274
UBER,697,67.32234572633193,346,351,49.64131994261119,50.3586800573888,3.7385057471264367,3.0,1.0,14.0,0.040527356993863194
UDR,2705,70.4194214876033,1443,1262,53.3456561922366,46.6543438077634,3.570266272189349,3.0,1.0,19.0,0.02118238667978194
UHS,2587,67.34752066115702,1370,1217,52.957093158098175,47.04290684190182,3.7331786542923435,3.0,1.0,19.0,0.025958336716864414
ULTA,1713,63.24923076923077,920,793,53.70694687682428,46.29305312317572,3.975467289719626,4.0,1.0,26.0,0.034119302267976576
UNH,2621,68.2396941832834,1457,1164,55.589469668065625,44.410530331934375,3.684351145038168,3.0,1.0,21.0,0.024213646710694377
UNP,2655,69.16778662255763,1412,1243,53.18267419962335,46.81732580037664,3.6348907309721175,3.0,1.0,21.0,0.021930244988382516
UPS,2513,65.4684172438747,1306,1207,51.96975726223637,48.03024273776363,3.8403662420382165,3.0,1.0,22.0,0.019531972463435222
URI,2550,66.39801611903286,1370,1180,53.72549019607843,46.27450980392157,3.7865829737151824,3.0,1.0,22.0,0.04053880188559229
USB,2620,68.22070675759454,1354,1266,51.6793893129771,48.3206106870229,3.685376097747232,3.0,1.0,19.0,0.024121100216053147
V,1796,67.78373521042384,1016,780,56.57015590200446,43.42984409799555,3.70974930362117,3.0,1.0,24.0,0.02086461774785969
VEEV,1229,66.71865575183111,637,592,51.830756712774615,48.16924328722539,3.769543973941368,3.0,1.0,18.0,0.032292364489538344
VICI,854,69.37717601547389,434,420,50.81967213114754,49.18032786885246,3.627198124267292,3.0,1.0,22.0,0.02057915620911759
VLO,2747,71.51280991735537,1476,1271,53.73134328358209,46.26865671641791,3.5156591405680993,3.0,1.0,18.0,0.03274360316779109
VLTO,272,68.75025075225676,145,127,53.30882352941176,46.69117647058824,3.6678966789667897,3.0,1.0,13.0,0.01933474042573434
VMC,2659,69.22190082644627,1380,1279,51.899210229409555,48.100789770590445,3.6320541760722347,3.0,1.0,20.0,0.02631600309791698
VRSK,1573,64.8659793814433,872,701,55.4354736172918,44.5645263827082,3.876590330788804,3.0,1.0,21.0,0.018159816279473
VRSN,2572,66.96394255604918,1368,1204,53.18818040435459,46.81181959564541,3.754570206145469,3.0,1.0,27.0,0.03250149774095621
VRT,750,65.33010715520221,430,320,57.333333333333336,42.66666666666667,3.8518024032042724,3.0,1.0,21.0,0.040225059174120587
VRTX,2491,64.87515502273668,1281,1210,51.425130469690885,48.57486953030911,3.8755020080321283,3.0,1.0,22.0,0.03959089345281017
VST,942,66.7746835443038,519,423,55.095541401273884,44.904458598726116,3.767268862911796,3.0,1.0,19.0,0.032197298607966586
VTR,2586,67.34931789995866,1410,1176,54.524361948955914,45.47563805104408,3.733075435203095,3.0,1.0,28.0,0.025212141292754855
VTRS,2480,64.5686537865482,1260,1220,50.806451612903224,49.193548387096776,3.8939088342073416,3.0,1.0,20.0,0.029832252288897056
VZ,2664,69.40942928039702,1333,1331,50.03753753753754,49.96246246246246,3.622230567029666,3.0,1.0,20.0,0.01866317048395599
WAB,2600,67.6929434858973,1403,1197,53.96153846153846,46.03846153846154,3.7141208156983456,3.0,1.0,27.0,0.027743744698634703
WAT,2486,64.72486827151565,1336,1150,53.74094931617055,46.25905068382944,3.8845070422535213,3.0,1.0,21.0,0.027820708548216323
WBD,2046,67.24820659971306,1049,997,51.27077223851417,48.72922776148583,3.738875305623472,3.0,1.0,28.0,0.03108357418481157
WDAY,1339,67.32402234636871,688,651,51.38162808065721,48.61837191934279,3.7354260089686098,3.0,1.0,21.0,0.03111618852050881
WDC,2630,68.47401591073458,1384,1246,52.623574144486696,47.37642585551331,3.6717383035374667,3.0,1.0,18.0,0.04314935187101131
WEC,2739,71.30454545454546,1490,1249,54.39941584519897,45.60058415480102,3.5259313367421474,3.0,1.0,24.0,0.01554594598939611
WELL,2725,70.94008264462809,1490,1235,54.67889908256881,45.321100917431195,3.5440528634361232,3.0,1.0,28.0,0.02091559173075305
WFC,2641,68.76040913317492,1382,1259,52.328663385081406,47.671336614918594,3.6564393939393938,3.0,1.0,19.0,0.025004306378666092
WM,2599,67.6599173553719,1418,1181,54.55944594074644,45.44055405925356,3.715935334872979,3.0,1.0,21.0,0.01827186808678272
WMB,2598,67.64087199090815,1381,1217,53.1562740569669,46.84372594303311,3.7169811320754715,3.0,1.0,40.0,0.03350159679220564
WMT,2545,66.26097737369564,1371,1174,53.87033398821218,46.12966601178782,3.794418238993711,3.0,1.0,26.0,0.018302336962589653
WRB,2591,67.47256381109848,1414,1177,54.573523736009264,45.426476263990736,3.7262548262548263,3.0,1.0,22.0,0.019464813074506215
WSM,2598,67.64087199090815,1341,1257,51.61662817551963,48.38337182448037,3.7169811320754715,3.0,1.0,20.0,0.036024567500561835
WST,2502,65.15490337914642,1367,1135,54.636290967226216,45.363709032773784,3.858856457417033,3.0,1.0,28.0,0.02439392263812268
WTW,2390,65.82295081967213,1260,1130,52.719665271966534,47.28033472803347,3.8195897865215573,3.0,1.0,30.0,0.020000192846846895
WY,2655,69.11776859504133,1343,1312,50.58380414312617,49.41619585687383,3.637528259231349,3.0,1.0,42.0,0.025570351640425502
WYNN,2384,69.42886860048537,1231,1153,51.63590604026845,48.36409395973154,3.6214855224506923,3.0,1.0,18.0,0.03791113725391933
XEL,2690,70.02892561983471,1457,1233,54.1635687732342,45.836431226765804,3.5901822238750465,3.0,1.0,19.0,0.017317406668794718
XOM,2731,71.09628099173553,1434,1297,52.50823874038814,47.49176125961186,3.536263736263736,3.0,1.0,24.0,0.020103216115282718
XYL,1448,67.84975827445146,790,658,54.55801104972375,45.44198895027624,3.7062888735314443,3.0,1.0,18.0,0.020944744716160455
XYZ,1048,68.10108303249098,572,476,54.58015267175572,45.41984732824427,3.694364851957975,3.0,1.0,24.0,0.046053602407156904
YUM,2581,67.19826428350036,1382,1199,53.545137543587764,46.45486245641224,3.741472868217054,3.0,1.0,23.0,0.021524490621115666
ZBH,2367,65.51169686985172,1247,1120,52.68272074355724,47.31727925644276,3.837700760777684,3.0,1.0,22.0,0.022551046214095462
ZBRA,2526,65.81389578163771,1324,1202,52.414885193982585,47.58511480601742,3.82019801980198,3.0,1.0,21.0,0.03045474556556794
ZTS,1290,66.36994691710902,695,595,53.875968992248055,46.12403100775194,3.7897595034910783,3.0,1.0,17.0,0.020655651983333446
